name,address,type,latitude,longitude,hidden_gem_score,dinesafe_score,recommendation_score,uniqueness_score,mention_count,avg_sentiment,avg_quality_score,positive_indicators,negative_indicators,subreddit_diversity,post_diversity,similarity_score,establishment_id,is_recommendation_based
THE LOOK OUT,909 LAKE SHORE BLVD W,Cocktail Bar / Beverage Room,43.62933,-79.41512,85.31,100.0,87.05,85.0,4,0.284,0.0,0,0,2,3,100,10686092,True
HEALTH SERVICE CENTRE,971 BLOOR ST W,Food Store (Convenience/Variety),43.66119,-79.42884,83.02,100.0,83.39,75.0,1,0.383,5.0,5,0,1,1,76,9006817,True
JI MODERN SOUTH ASIAN GRILL,130 KING ST W,Food Court Vendor,43.64805,-79.38345,83.02,100.0,83.39,75.0,1,0.383,5.0,5,0,1,1,80,10843609,True
BAKERS BEST BAKERY,"4915 STEELES AVE E, Unit-7",Bakery,43.82716,-79.29117,82.07,89.47,58.2,96.64,1,1.0,1.0,1,0,1,1,70,9001004,True
THE TORONTO HUNT,"1355 KINGSTON RD, 9016564",Private Club,43.68208,-79.2712,81.39,85.0,63.83,97.77,1,0.825,2.0,2,0,1,1,80,9016564,True
NOT FRESH,"3680 VICTORIA PARK AVE, Unit-6",Butcher Shop,43.80884,-79.33875,80.52,100.0,74.67,84.93,3,0.24,0.67,3,1,2,2,75,10811601,True
CHEER DAY CARE CENTRE OF SCARBOROUGH,3300 KENNEDY RD,Child Care - Catered,43.8175,-79.30483,80.04,100.0,70.47,74.09,1,0.555,3.0,3,0,1,1,87,9002762,True
ROSELLE,362 KING ST E,Bakery,43.65341,-79.36205,79.76,100.0,51.95,95.39,1,0.75,1.0,1,0,1,1,100,10522314,True
BREAKFAST CLUB,2180 ELLESMERE RD,Student Nutrition Site,43.77761,-79.23117,79.7,100.0,58.2,71.64,1,1.0,1.0,1,0,1,1,79,9001863,True
WONDERBRANDS CARRIER DRIVE,122 CARRIER DR,Bakery,43.74066,-79.61311,79.47,100.0,67.28,98.46,1,0.123,4.0,5,1,1,1,71,9011814,True
NORTH YORK YMCA CHILD CARE,"567 SHEPPARD AVE E, Unit-6",Child Care - Catered,43.76588,-79.38678,79.02,100.0,57.75,71.55,1,0.95,1.0,1,0,1,1,100,9011077,True
LAKE INEZ,1471 GERRARD ST E,Restaurant,43.67235,-79.32069,78.33,100.0,77.0,60.0,3,0.438,1.0,3,0,1,1,100,10582327,True
PLEASE AND THANK YOU,108 OSSINGTON AVE,Restaurant,43.64657,-79.41971,78.07,100.0,88.02,60.0,5,0.026,0.2,1,0,2,5,100,10830894,True
HONEST WEIGHT,2766 DUNDAS ST W,Restaurant,43.66539,-79.46122,78.02,100.0,83.39,50.0,1,0.383,5.0,5,0,1,1,100,10519656,True
GREY GARDENS,199 AUGUSTA AVE,Restaurant,43.65381,-79.40148,77.98,94.0,84.11,60.0,2,0.304,3.5,7,0,1,2,100,10782545,True
UPPER CRUST,55 CANARCTIC DR,Bakery,43.77524,-79.4916,77.89,100.0,60.62,97.12,1,0.225,2.0,3,1,1,1,73,9016940,True
JUST CURRY,5210 YONGE ST,Food Take Out,43.68682,-79.39359,77.72,100.0,83.44,60.0,4,0.151,0.0,1,1,2,3,70,10807964,True
TEA TIME,3905 DON MILLS RD,Restaurant,43.80776,-79.35719,77.21,85.25,91.54,60.0,4,0.186,0.75,3,0,2,3,75,10818023,True
PATTY TIME,2919 LAWRENCE AVE E,Food Take Out,43.75376,-79.25185,76.87,100.0,77.27,60.0,3,0.283,1.0,3,0,1,1,100,9405831,True
BUSTER'S SEA COVE,199 BAY ST,Food Take Out,43.64837,-79.37993,76.78,100.0,66.1,48.22,1,0.9,2.0,2,0,1,1,97,10613300,True
RICHMOND STATION,1 RICHMOND ST W,Restaurant,43.65143,-79.3793,76.73,100.0,79.24,60.0,5,0.2,0.2,1,0,1,2,100,10451174,True
METRO DISTRIBUTION CENTRE,170 THE WEST MALL,Food Depot,43.62509,-79.56145,76.66,80.77,64.24,97.85,1,0.442,2.0,2,0,1,1,73,9000191,True
BEST DEALS,657 MARKHAM RD,Food Store (Convenience/Variety),43.76105,-79.2254,76.0,93.23,62.95,72.59,1,0.614,2.0,2,0,1,1,90,9001446,True
ROYAL YORK - LIBRARY BAR,100 FRONT ST W,Cocktail Bar / Beverage Room,43.6456,-79.38243,75.95,100.0,64.87,82.97,3,0.165,0.67,2,0,1,1,100,9013222,True
LIVING HEALTHY,2291 KIPLING AVE,Food Store (Convenience/Variety),43.7294,-79.5742,75.87,90.0,71.73,84.35,4,0.139,0.0,1,1,1,1,100,10212722,True
MAISON SELBY,592 SHERBOURNE ST,Restaurant,43.67113,-79.37709,75.27,89.0,83.39,50.0,1,0.383,5.0,5,0,1,1,100,10669908,True
FRESH SLICE PIZZA,2025 YONGE ST,Restaurant,43.70142,-79.39699,75.27,89.0,83.39,50.0,1,0.383,5.0,5,0,1,1,80,10724198,True
MEET YOU 177,177 COLLEGE ST,Restaurant,43.65895,-79.3941,75.03,100.0,74.85,56.97,6,0.243,-0.17,0,1,1,1,71,10565492,True
BURGER DROPS,116 ATLANTIC AVE,Food Take Out,43.63951,-79.42132,75.0,100.0,63.85,57.77,2,0.61,0.5,1,0,1,1,100,10714769,True
DOWNTOWN MONTESSORI (SIMCOE),200 FRONT ST W,Child Care - Food Preparation,43.64461,-79.38601,74.9,95.66,53.8,70.76,1,0.8,1.0,1,0,1,1,79,9004044,True
BEST SHAWARMA TO.,1310 ST CLAIR AVE W,Restaurant,43.67703,-79.44853,74.78,100.0,58.4,46.68,1,1.0,1.0,1,0,1,1,89,10781593,True
THE DUKE LIVE,1225 QUEEN ST E,Restaurant,43.66299,-79.3305,74.7,100.0,58.2,46.64,1,1.0,1.0,1,0,1,1,76,9004724,True
PATTY KING,321 PROGRESS AVE,Bakery,43.77356,-79.26805,74.41,100.0,50.75,95.15,1,0.262,2.0,2,0,1,1,100,9011739,True
SOM TUM JINDA,76 GERRARD ST E,Restaurant,43.66013,-79.37817,74.15,80.5,84.64,60.0,5,0.24,0.4,2,0,1,3,100,10805888,True
BODY BLITZ,471 ADELAIDE ST W,Food Take Out,43.64582,-79.39973,74.13,90.0,78.84,60.0,4,0.204,0.5,2,0,1,1,100,10392251,True
SPIN TORONTO,461 KING ST W,Private Club,43.64508,-79.39638,73.62,82.5,48.7,94.74,1,0.7,0.0,0,0,1,1,87,10460919,True
NORTH AMERICAN PRODUCE BUYERS LTD,165 THE QUEENSWAY,Food Depot,43.6288,-79.48602,73.41,90.0,48.5,94.7,1,0.5,1.0,1,0,1,1,100,9011047,True
GLOBAL CHEESE,76 KENSINGTON AVE,Food Store (Convenience/Variety),43.65467,-79.40067,73.22,87.0,64.24,72.85,1,0.442,2.0,2,0,1,1,80,9006156,True
HAPPY BAGEL,"4949 BATHURST ST, Unit-1",Bakery,43.77436,-79.44238,73.18,85.0,43.4,93.68,1,0.8,0.0,0,0,1,1,100,9421481,True
PASTA MIA,91 FRONT ST E,Food Store (Convenience/Variety),43.64908,-79.37213,73.1,100.0,56.43,71.29,1,0.409,2.0,2,0,1,1,78,9058040,True
EVENTS AT ONE KING WEST,1 KING ST W,Banquet Facility,43.64915,-79.37795,73.08,76.25,57.75,71.55,1,0.95,1.0,1,0,1,1,100,10494096,True
LAMBO'S DELI,1372 QUEEN ST E,Refreshment Stand (Stationary),43.66458,-79.32523,73.06,97.0,55.4,71.08,1,0.52,1.0,1,0,1,1,100,10794556,True
AIDAN'S GLUTEN FREE INC.,35 DENSLEY AVE,Bakery,43.70346,-79.47337,72.9,100.0,38.2,92.64,1,0.6,0.0,0,0,1,1,80,10373746,True
HANOI 3 SEASONS,588 GERRARD ST E,Restaurant,43.66576,-79.35216,72.27,93.0,57.75,46.55,1,0.95,1.0,1,0,1,1,71,9398089,True
HUMBER BAY DAY CARE,50 CLOVERHILL RD,Child Care - Catered,43.63563,-79.48969,72.16,100.0,51.3,80.26,2,0.316,0.5,1,0,1,1,80,9007196,True
HAVEN TORONTO,170 JARVIS ST,Community Kitchen (Meal Program),43.65557,-79.37436,71.83,84.0,53.4,70.68,1,0.8,1.0,1,0,1,1,77,9006293,True
JOLLY BELGIAN WAFFLES - DWV 2024,55 MILL ST,Fairs / Festivals / Special Occasions,43.65072,-79.35803,71.67,100.0,58.17,71.63,1,0.199,3.0,3,0,1,1,86,10829991,True
ARTS AND LETTERS CLUB,14 ELM ST,Private Club,43.65801,-79.38254,71.65,100.0,42.57,100.0,2,0.175,0.0,0,0,1,1,73,10200952,True
OLDE YORKE FISH AND CHIPS,96 LAIRD DR,Restaurant,43.7062,-79.36222,71.62,80.86,80.85,60.0,5,0.111,0.6,3,0,1,2,100,9011276,True
AM BAGEL,53 RONCESVALLES AVE,Bakery,43.64051,-79.44666,71.39,100.0,42.98,93.6,1,0.263,1.0,1,0,1,1,93,10657955,True
CACTUS,"1911 FINCH AVE W, Unit-4",Supermarket,43.75685,-79.51714,71.3,100.0,41.8,68.36,1,0.8,0.0,0,0,1,1,100,10261684,True
DANFORTH EAST SOCCER CLUB,1772 DANFORTH AVE,Private Club,43.68455,-79.31925,71.26,100.0,41.29,93.26,1,0.316,1.0,1,0,1,1,81,10360605,True
BRAVO PIZZA,901 MILLWOOD RD,Food Take Out,43.70318,-79.364,71.16,83.06,60.0,47.0,1,1.0,1.0,1,0,1,1,73,9420923,True
PHILIPPINE ORIENTAL FOOD MARKET,1033 GERRARD ST E,Food Store (Convenience/Variety),43.66863,-79.33688,70.97,100.0,47.35,69.47,1,0.55,1.0,1,0,1,1,73,9011929,True
HAPPY FRUIT BUBBLE TEA,10 DUNDAS ST E,Food Take Out,43.65669,-79.38069,70.88,100.0,48.4,44.68,1,1.0,0.0,0,0,1,1,70,10531604,True
MARKET PLACE,129 FRONT ST E,Food Store (Convenience/Variety),43.64995,-79.36972,70.85,92.13,54.65,80.93,2,0.25,1.0,2,0,1,1,75,9009635,True
SCOTTY BONS,"789 WARDEN AVE, Unit-3B",Food Take Out,43.72605,-79.28615,70.8,100.0,58.13,56.63,2,0.413,0.5,1,0,1,1,100,10645729,True
SUNNYBROOK CRECHE DAY CARE,"2075 BAYVIEW AVE, Bldg-Q",Child Care - Food Preparation,43.72194,-79.37788,70.61,100.0,41.73,68.35,1,0.733,0.0,0,0,1,1,74,9014947,True
EDULIS,169 NIAGARA ST,Restaurant,43.6419,-79.40626,70.55,100.0,58.02,46.6,1,0.593,2.0,2,0,1,1,100,10430908,True
THE KITCHEN TABLE,705 KING ST W,Supermarket,43.64349,-79.40385,70.55,97.34,47.66,69.53,1,0.562,1.0,1,0,1,1,85,9008343,True
YOU DON YA,108 DUNDAS ST W,Restaurant,43.65662,-79.37747,70.52,69.54,87.31,57.0,6,0.118,-0.17,0,1,2,4,100,10653442,True
ANGLR,"1054 GERRARD ST E, Unit-A",Restaurant,43.66928,-79.33619,70.34,95.0,58.58,56.72,2,0.475,0.5,1,0,1,2,100,10715174,True
DOLLAR +,2212 BLOOR ST W,Food Store (Convenience/Variety),43.65145,-79.47599,70.13,100.0,46.5,69.3,1,0.5,0.0,0,0,1,1,100,10468324,True
NAI NAI INDONESIAN FOOD,"122 ST PATRICK ST, Unit-20",Food Court Vendor,43.65356,-79.39018,69.82,100.0,45.7,69.14,1,0.5,1.0,1,0,1,1,74,10786881,True
THE WOOD OWL,1380 DANFORTH AVE,Restaurant,43.68262,-79.32818,69.8,100.0,58.28,56.66,2,0.307,1.0,2,0,1,1,100,10736973,True
CHICKEN KING,"4186 FINCH AVE E, Unit-19",Food Take Out,43.8037,-79.28695,69.79,79.0,70.47,49.09,1,0.555,3.0,3,0,1,1,78,9049963,True
DONER STATE,601 COLLEGE ST,Restaurant,43.65501,-79.41414,69.68,93.0,65.03,58.01,3,0.207,0.67,3,1,1,1,73,10821083,True
FAIR CATCH FISHMONGERS,3303 YONGE ST,Fish Shop,43.73023,-79.40318,69.53,97.0,46.38,69.28,1,0.519,1.0,1,0,1,1,71,10728139,True
SECOND CUP,399 BATHURST ST,Food Take Out,43.65371,-79.40606,69.47,100.0,67.28,48.46,1,0.123,4.0,5,1,1,1,80,10458762,True
OSMOW'S,"790 MILITARY TRL, Unit-8",Restaurant,43.79021,-79.19546,69.47,100.0,67.28,48.46,1,0.123,4.0,5,1,1,1,100,10492746,True
THE MADRAS BATTER HOUSE,"1260 KENNEDY RD, Unit-1",Commissary,43.75697,-79.27844,69.29,97.36,40.9,68.18,1,0.7,0.0,0,0,1,1,71,10761593,True
FUEL UP,90 WOODBINE DOWNS BLVD,Refreshment Stand (Stationary),43.73976,-79.60996,68.99,100.0,44.85,68.97,1,0.45,1.0,1,0,1,1,71,10765872,True
TORONTO REHAB KITCHEN,"130 DUNN AVE, Unit-3",Institutional Food Services,43.63601,-79.43259,68.99,92.5,48.94,69.79,1,0.478,1.0,1,0,1,1,91,10230608,True
TORONTO CONGRESS CENTRE,650 DIXON RD,Serving Kitchen,43.69091,-79.57817,68.84,100.0,44.46,78.89,2,0.25,0.0,0,0,1,1,82,9016552,True
SLEEPY PETE'S,69 KENSINGTON AVE,Food Take Out,43.65442,-79.40056,68.81,100.0,55.4,46.08,1,0.52,1.0,1,0,1,1,100,10785489,True
GOOD BEHAVIOUR,342 WESTMORELAND AVE N,Restaurant,43.67064,-79.43462,68.81,100.0,55.4,46.08,1,0.52,1.0,1,0,1,1,100,10749119,True
MY ROTI PLACE,406 QUEEN ST W,Restaurant,43.64855,-79.39731,68.63,68.07,67.82,58.56,2,0.617,1.0,2,0,1,2,89,10632654,True
THE SECOND CUP,"145 KING ST W, #16",Food Take Out,43.64752,-79.38424,68.59,96.5,67.28,48.46,1,0.123,4.0,5,1,1,1,79,10519495,True
BETTER THAN YIA YIA,"1841 LAWRENCE AVE E, Bldg-1",Food Caterer,43.74333,-79.30304,68.52,100.0,39.8,67.96,1,0.6,0.0,0,0,1,1,87,10690535,True
MON SHEONG HOME FOR THE AGED,36 D'ARCY ST,Nursing Home / Home for the Aged,43.65526,-79.39336,68.26,100.0,43.82,68.76,1,0.417,1.0,1,0,1,1,75,9010345,True
ST CLAIR ESSO GAS & AUTO,2915 ST CLAIR AVE E,Food Store (Convenience/Variety),43.70792,-79.30032,68.16,91.97,50.24,80.05,2,0.158,0.5,1,0,1,2,80,10611523,True
YOUR GOOD HEALTH,"2901 BAYVIEW AVE, Unit-110",Food Store (Convenience/Variety),43.76923,-79.38837,67.98,90.0,50.69,80.14,2,0.172,0.5,2,1,1,1,81,10524668,True
MADE GOOD,100 PRINCES BLVD,Fairs / Festivals / Special Occasions,43.63501,-79.41119,67.9,100.0,38.2,67.64,1,0.6,0.0,0,0,1,1,78,10695219,True
UNIVERSITY OF TORONTO BANQUET,"89 CHESTNUT ST, Unit-4",Restaurant,43.65425,-79.38523,67.79,100.0,59.12,56.82,2,0.073,1.0,2,0,2,2,91,9003428,True
RED SAUCE,220 YONGE ST,Food Court Vendor,43.65368,-79.38011,67.72,100.0,40.3,68.06,1,0.5,0.0,0,0,1,1,78,10807998,True
SORRY I'VE GOT PLANTS,476 RONCESVALLES AVE,Restaurant,43.65321,-79.45175,67.57,94.07,66.65,48.33,1,0.106,4.0,4,0,1,1,73,10692523,True
COLLEGE STREET CAFE,250 COLLEGE ST,Food Take Out,43.65851,-79.39896,67.56,84.36,64.24,47.85,1,0.442,2.0,2,0,1,1,74,10527036,True
HAPPY BURGER,76 LIPPINCOTT ST,Restaurant,43.65692,-79.40656,67.55,79.31,55.7,46.14,1,0.9,1.0,1,0,1,1,100,10712795,True
HOME FIRST,702 KENNEDY RD,Institutional Food Services,43.72826,-79.26658,67.35,100.0,42.58,68.52,1,0.375,1.0,1,0,1,1,80,10602422,True
DUFFY'S TAVERN,1238 BLOOR ST W,Cocktail Bar / Beverage Room,43.65898,-79.43969,67.3,93.29,48.07,69.61,1,0.323,1.0,1,0,1,1,75,10387498,True
HIGH PARK YMCA,2665 DUNDAS ST W,Child Care - Catered,43.66453,-79.45948,67.2,100.0,44.91,78.98,2,0.068,0.5,1,0,1,1,100,9006896,True
GRANDMA LOVES YOU,"40 ST CLAIR AVE W, Unit-101",Restaurant,43.68814,-79.39576,67.08,100.0,56.12,56.22,3,0.119,0.0,0,0,1,1,74,10810566,True
CONEJO NEGRO,838 COLLEGE ST,Restaurant,43.65434,-79.42298,67.06,100.0,46.3,44.26,1,0.7,0.0,0,0,1,1,100,10829271,True
WHOLE HEALTH,777 BAY ST,Food Store (Convenience/Variety),43.66064,-79.38538,66.98,91.47,49.87,69.97,1,0.267,2.0,2,0,1,1,70,9050780,True
YORK MILLS CHILD CARE CENTRE,1200 YORK MILLS RD,Child Care - Food Preparation,43.75966,-79.33502,66.98,90.0,45.48,69.09,1,0.475,1.0,1,0,1,1,100,9017833,True
CHURCH OF THE INCARNATION,"15 CLAIRTRELL RD, Unit-2",Banquet Facility,43.76749,-79.39009,66.83,91.63,52.36,70.47,1,0.15,2.0,2,0,1,1,85,9000504,True
OKONOMI HOUSE,23 CHARLES ST W,Restaurant,43.66867,-79.38493,66.67,100.0,58.17,46.63,1,0.199,3.0,3,0,1,1,100,9011256,True
SUSHI -Q,1 QUEEN ST E,Restaurant,43.65241,-79.37894,66.67,100.0,58.17,46.63,1,0.199,3.0,3,0,1,1,83,10481726,True
YORK WEST ACTIVE LIVING CENTRE,1901 WESTON RD,Banquet Facility,43.70235,-79.52372,66.66,100.0,46.76,69.35,1,0.142,2.0,2,0,1,1,76,10232746,True
THE SANCTUARY,25 CHARLES ST E,Community Kitchen (Meal Program),43.66868,-79.38487,66.58,92.0,44.23,68.85,1,0.433,1.0,1,0,1,1,75,9016015,True
WESTON,122 CARRIER DR,Bakery,43.74066,-79.61311,66.53,90.0,33.4,91.68,1,0.4,0.0,0,0,1,1,100,9011814,True
FRESH,"25 THE WEST MALL, Unit-1630A",Restaurant,43.61265,-79.55597,66.52,100.0,47.85,44.57,1,0.586,1.0,1,0,1,1,100,10743667,True
CAKE AND THINGS,11 STEVENWOOD RD,Bakery,43.75518,-79.22219,66.51,100.0,30.11,91.02,1,0.276,0.0,0,0,1,1,71,10693604,True
THE PENALTY BOX PUB,90 WOODBINE DOWNS BLVD,Restaurant,43.73976,-79.60996,66.3,100.0,51.46,55.29,2,0.223,0.5,1,0,1,1,82,9029440,True
DON MILLS CAFE,"1440 DON MILLS RD, Flr-2nd",Cafeteria - Private Access,43.75074,-79.34751,66.27,87.14,45.48,69.09,1,0.475,1.0,1,0,1,1,88,10488755,True
INSURANCE COURIER SERVICES,55 HORNER AVE,Food Vending Facility,43.61476,-79.51669,66.26,99.33,41.61,68.32,1,0.32,1.0,1,0,1,1,78,10248891,True
DANIEL ET DANIEL TASTING ROOM,"250 CARLTON ST, Flr-1",Food Caterer,43.66439,-79.36828,66.23,100.0,36.5,67.3,1,0.5,0.0,0,0,1,1,72,10756066,True
THE FACTORY THEATRE,"125 BATHURST ST, Unit-2",Restaurant,43.64539,-79.40309,66.22,100.0,51.57,55.31,2,0.211,0.5,1,0,1,2,81,9015704,True
CHINESE CRISPY BEEF PIE,"384 YONGE ST, Bsmt-53",Food Take Out,43.65931,-79.38256,66.21,98.5,52.99,45.6,1,0.392,2.0,2,0,1,1,72,10800168,True
GRANDE CHEESE,"181 MILVAN DR, Unit-2",Food Store (Convenience/Variety),43.75962,-79.56576,66.16,79.34,49.12,69.82,1,0.517,1.0,1,0,1,1,80,9006391,True
A & O INTERNATIONAL,"70 BELFIELD RD, Unit-14",Food Depot,43.70431,-79.5707,66.08,90.0,35.67,92.13,1,0.267,0.0,0,0,1,1,87,10476099,True
THE GREAT CANADIAN BAGEL,"4700 KEELE ST, Unit-20-21",Restaurant,43.77342,-79.50234,65.95,98.5,49.12,44.82,1,0.517,1.0,1,0,1,1,77,9015778,True
NORTH BEACHES RESIDENCE,2305 GERRARD ST E,Boarding / Lodging Home - Kitchen,43.68494,-79.29479,65.92,100.0,46.22,69.24,1,0.089,2.0,2,0,1,1,70,9011050,True
KOZLIK'S CANADIAN MUSTARD,93 FRONT ST E,Food Store (Convenience/Variety),43.64905,-79.37177,65.92,100.0,35.7,67.14,1,0.5,0.0,0,0,1,1,80,10291713,True
MUJI SCARBOROUGH TOWN CENTRE,"300 BOROUGH DR, Unit-238",Food Store (Convenience/Variety),43.77629,-79.25802,65.51,100.0,40.25,68.05,1,0.282,1.0,1,0,1,1,88,10626990,True
HQ MEATS,362 OLD KINGSTON RD,Butcher Shop,43.78366,-79.17051,65.51,100.0,40.25,68.05,1,0.282,1.0,1,0,1,1,77,10767245,True
BLOOR WEST NURSERY SCHOOL,432 RUNNYMEDE RD,Child Care - Food Preparation,43.65681,-79.47921,65.51,100.0,41.05,68.21,1,0.25,1.0,1,0,1,1,100,9001655,True
H & L QUALITY FOODS,393 MIDWEST RD,Food Processing Plant,43.76191,-79.27139,65.45,92.63,42.9,68.58,1,0.356,1.0,1,0,1,1,71,10589566,True
PARK HYATT WRITERS ROOM,"4 AVENUE RD, Flr-ROOFTOP",Cocktail Bar / Beverage Room,43.66875,-79.39415,65.29,100.0,40.07,68.01,1,0.267,1.0,1,0,1,1,72,10743574,True
SOMETHING BEAUTIFUL CAKERY,1669 ST CLAIR AVE W,Bake Shop,43.67443,-79.45807,64.91,100.0,33.1,66.62,1,0.5,0.0,0,0,1,1,79,10772529,True
THE BAGEL STOP,"161 BAY ST, BCE PLACE",Food Take Out,43.64648,-79.379,64.82,100.0,45.7,44.14,1,0.5,1.0,1,0,1,1,73,9015514,True
TOM'S DAIRY FREEZE,630 THE QUEENSWAY,Food Take Out,43.62787,-79.49667,64.82,100.0,45.7,44.14,1,0.5,1.0,1,0,1,1,100,9424177,True
JUST GREEK,3004 BLOOR ST W,Restaurant,43.64782,-79.51054,64.82,100.0,45.7,44.14,1,0.5,1.0,1,0,1,1,80,9007988,True
QUETZAL,419 COLLEGE ST,Restaurant,43.6565,-79.40689,64.75,91.5,48.4,44.68,1,0.6,1.0,1,0,1,1,100,10632013,True
NATIVE CANADIAN CENTRE OF TORONTO,16 SPADINA RD,Institutional Food Services,43.66816,-79.40505,64.61,79.0,53.6,80.72,3,-0.004,0.0,0,0,1,1,81,10266207,True
ORIGINAL TASTE,707 DUNDAS ST W,Food Take Out,43.6519,-79.40425,64.58,100.0,45.39,44.08,1,0.488,1.0,1,0,1,1,79,10582535,True
416 COMMUNITY SUPPORT FOR WOMEN,416 DUNDAS ST E,Food Bank,43.65923,-79.36695,64.55,100.0,41.05,68.21,1,0.154,1.0,1,0,1,1,77,10598546,True
FAMILY MART,"930 QUEEN ST W, Flr-Bsmt",Food Store (Convenience/Variety),43.64486,-79.41597,64.45,91.67,41.53,68.31,1,0.333,1.0,1,0,1,1,76,9384804,True
DOMENIC'S QUALITY MEATS,"2965 ISLINGTON AVE, Unit-4",Butcher Shop,43.75817,-79.56982,64.44,100.0,33.83,66.77,1,0.425,0.0,0,0,1,1,78,9013276,True
KOUKLA,88 OSSINGTON AVE,Restaurant,43.64611,-79.41954,64.41,100.0,45.27,44.05,1,0.475,1.0,1,0,1,1,100,10693533,True
KRISTAPSONS SMOKED SALMON,3248 YONGE ST,Food Take Out,43.72971,-79.40372,64.37,90.77,58.17,46.63,1,0.199,3.0,3,0,1,1,81,10657162,True
THE POT HOME,5287 YONGE ST,Restaurant,43.77275,-79.41343,64.36,100.0,52.2,45.44,1,0.2,2.0,2,0,1,1,88,10844487,True
FRATERNAL ORDER OF EAGLES,17 ELM ST,Private Club,43.65748,-79.38257,64.34,91.73,35.05,92.01,1,0.074,1.0,1,0,1,1,79,9005691,True
NEWS RACK,3959 JANE ST,Food Store (Convenience/Variety),43.75634,-79.51708,64.32,91.67,41.67,68.33,1,0.315,1.0,1,0,1,1,71,10257037,True
THE ELMWOOD SPA,18 ELM ST,Restaurant,43.6579,-79.38275,64.16,79.12,55.46,56.09,2,0.375,0.5,1,0,1,1,100,9016098,True
NEW GARDEN,"4385 SHEPPARD AVE E, Unit-C-9",Bakery,43.78644,-79.26992,64.02,100.0,27.06,90.41,1,0.146,0.0,0,0,1,1,70,10484741,True
THE DINER,9 CHANNEL NINE CRT,Restaurant,43.78242,-79.25776,63.92,100.0,49.52,44.9,1,0.261,2.0,2,0,1,1,78,9002694,True
ALL ABOUT KIDS,"2005 SHEPPARD AVE E, Unit-115",Child Care - Food Preparation,43.77433,-79.33838,63.88,100.0,39.6,67.92,1,0.144,1.0,1,0,1,1,71,10204321,True
CANADA PRODUCE,"1 WESTSIDE DR, Unit-4-6",Food Depot,43.61847,-79.56284,63.68,90.0,34.76,91.95,1,0.062,1.0,1,0,1,1,71,10546440,True
360 RESTAURANT,"301 FRONT ST W, CN TOWER",Restaurant,43.64372,-79.38844,63.67,100.0,44.34,43.87,1,0.438,1.0,1,0,1,1,83,9003137,True
UNION CAFE,100 LESMILL RD,Cafeteria - Public Access,43.75885,-79.35807,63.64,89.0,36.9,67.38,1,0.5,0.0,0,0,1,1,70,10827882,True
SHELBY'S,"2140 KIPLING AVE, Unit-3A",Restaurant,43.71903,-79.57086,63.52,100.0,39.8,42.96,1,0.6,0.0,0,0,1,1,100,10766780,True
ORANGE MART,25 KENASTON GDNS,Food Store (Convenience/Variety),43.76582,-79.38552,63.45,90.0,40.8,68.16,1,0.304,1.0,1,0,1,1,90,10762625,True
AMAZING SICHUAN CUISINE,4158 KINGSTON RD,Restaurant,43.75769,-79.19934,63.33,75.44,67.28,48.46,1,0.123,4.0,5,1,1,1,77,10774371,True
DM CHICKEN,"3250 MIDLAND AVE, G110-111",Restaurant,43.80514,-79.28761,63.3,75.34,67.28,48.46,1,0.123,4.0,5,1,1,1,82,10618498,True
KENSINGTON CAFE,25 BRUNSWICK AVE,Food Take Out,43.65824,-79.4041,63.29,100.0,48.83,44.77,1,0.225,2.0,2,0,1,1,80,10578636,True
THE BOULEVARD CLUB (MAIN KITCHEN),"1491 LAKE SHORE BLVD W, Unit-1",Private Club,43.63552,-79.44418,63.25,84.75,35.88,92.18,1,0.107,1.0,1,0,1,1,80,9004228,True
ROLPH ROAD DAY CARE,31 ROLPH RD,Child Care - Food Preparation,43.69979,-79.36625,63.25,94.75,39.24,67.85,1,0.226,1.0,1,0,1,1,75,9013035,True
NORTH YORK DANFORTH FOOD MARKET,"3701 KEELE ST, Unit-1",Supermarket,43.75539,-79.48804,63.14,90.88,41.23,68.25,1,0.233,1.0,1,0,1,1,76,9011071,True
CHURCH'S TEXAS CHICKEN,845 JANE ST,Restaurant,43.67677,-79.49559,63.07,93.0,45.7,44.14,1,0.5,1.0,1,0,1,1,70,10711410,True
THE DONE RIGHT INN,861 QUEEN ST W,Cocktail Bar / Beverage Room,43.64567,-79.41158,63.0,88.0,40.86,68.17,1,0.306,1.0,1,0,1,1,70,9015687,True
BAR ORWELL,1595 DUNDAS ST W,Restaurant,43.64978,-79.43485,62.99,92.17,40.9,43.18,1,0.7,0.0,0,0,1,1,71,9005642,True
SCARBOROUGH CAFE,740 PROGRESS AVE,Cafeteria - Private Access,43.7804,-79.24518,62.96,88.27,40.53,68.11,1,0.309,0.0,0,0,1,1,81,10456741,True
BAGELS ON FIRE,2248 QUEEN ST E,Restaurant,43.67303,-79.28682,62.92,77.64,52.55,55.51,2,0.402,0.0,0,0,1,1,75,10469198,True
FAMOUS WOK,"200 FRONT ST W, Unit-F004",Food Court Vendor,43.64461,-79.38601,62.88,100.0,32.25,66.45,1,0.33,0.0,0,0,1,1,80,10828117,True
CANADA OUTLET,644 DANFORTH AVE,Food Store (Convenience/Variety),43.67908,-79.34534,62.84,92.87,34.05,66.81,1,0.434,0.0,0,0,1,1,77,10700086,True
PETRO CANADA SUPER STOP,5495 EGLINTON AVE W,Food Store (Convenience/Variety),43.65391,-79.59998,62.71,100.0,36.69,67.34,1,0.14,1.0,1,0,1,1,82,10327775,True
MR THAI,1521 YONGE ST,Restaurant,43.68963,-79.39443,62.62,94.0,49.87,44.97,1,0.267,2.0,2,0,1,1,86,10362680,True
BLENDED FOR YOU,393 DANFORTH AVE,Refreshment Stand (Stationary),43.67737,-79.35164,62.57,96.97,34.54,66.91,1,0.286,0.0,0,0,1,1,70,10764349,True
ABC CONVENIENT,1110 BLOOR ST W,Food Store (Convenience/Variety),43.66011,-79.43478,62.55,100.0,31.33,66.27,1,0.333,0.0,0,0,1,1,83,9021734,True
MON SHEONG SCARBOROUGH LONG TERM CARE CENTRE,2030 MCNICOLL AVE,Nursing Home / Home for the Aged,43.81307,-79.30021,62.54,92.5,34.4,66.88,1,0.4,0.0,0,0,1,1,93,10263766,True
NOTHING BUNDT CAKES,"148 NORTH QUEEN ST, Unit-G3",Bakery,43.6195,-79.55384,62.53,100.0,24.37,89.87,1,0.103,0.0,0,0,1,1,77,10797404,True
SUSHI LEGEND,"175 COMMANDER BLVD, Unit-2",Restaurant,43.79646,-79.2702,62.46,78.6,54.65,55.93,2,0.25,1.0,2,0,1,1,100,10539487,True
FOOD LAND,1500 ISLINGTON AVE,Supermarket,43.66295,-79.53175,62.24,85.14,40.9,68.18,1,0.3,1.0,1,0,1,1,94,9007324,True
DOWNTOWN COALITION,383 DONLANDS AVE,Food Bank,43.69359,-79.34264,62.24,100.0,33.16,66.63,1,0.231,0.0,0,0,1,1,72,10723142,True
SUNNYS CHINESE,60 KENSINGTON AVE,Restaurant,43.65421,-79.40096,62.21,93.29,47.15,54.43,2,0.15,0.5,1,0,1,1,100,10762807,True
RISE UP FOODS,1545 DUNDAS ST W,Food Store (Convenience/Variety),43.64974,-79.43337,62.2,92.75,38.5,77.7,2,0.0,0.0,0,0,1,1,71,10796751,True
TACO LOVE,214 AUGUSTA AVE,Food Take Out,43.65478,-79.40212,62.17,93.0,49.52,44.9,1,0.261,2.0,2,0,1,1,78,10840613,True
SCARBOROUGH DAY NURSERY,51 EASTWOOD AVE,Child Care - Catered,43.69198,-79.26754,62.1,100.0,30.86,66.17,1,0.306,0.0,0,0,1,1,79,9013574,True
SUBWAY,5091 SHEPPARD AVE E,Restaurant,43.7923,-79.24357,61.98,100.0,37.34,42.47,1,0.542,0.0,0,0,1,1,100,9014792,True
YEAH YEAH THAI,382 SPADINA AVE,Restaurant,43.6553,-79.39937,61.94,81.0,42.8,43.56,1,0.8,0.0,0,0,1,1,100,10804065,True
YOUNG TEA,990 ST CLAIR AVE W,Food Take Out,43.67956,-79.43697,61.82,100.0,44.33,43.87,1,0.253,0.0,0,0,1,1,78,10765983,True
SCARBOROUGH VILLAGE NYAD,15 LUELLA ST,Child Care - Catered,43.74413,-79.22207,61.79,100.0,30.77,66.15,1,0.279,0.0,0,0,1,1,76,9011160,True
BY THE WAY CAFE,400 BLOOR ST W,Restaurant,43.66599,-79.40756,61.78,100.0,36.78,42.36,1,0.543,0.0,0,0,1,1,86,9002097,True
HARRISONS ICE CREAM (RAWF 2024),100 PRINCES BLVD,Food Take Out,43.63501,-79.41119,61.67,100.0,42.32,43.46,1,0.317,1.0,1,0,1,1,85,10661230,True
BANG BANG,95 OSSINGTON AVE,Food Take Out,43.64635,-79.41933,61.67,100.0,42.32,43.46,1,0.317,1.0,1,0,1,1,100,10501194,True
CASA LOMA CHILD CARE CENTRE,160 KENDAL AVE,Child Care - Food Preparation,43.67602,-79.41105,61.53,97.0,31.5,66.3,1,0.3,0.0,0,0,1,1,100,9002527,True
BETTER BEGINNINGS NURSERY SCHOOL,1208 KINGSTON RD,Child Care - Catered,43.68231,-79.27958,61.51,100.0,30.11,66.02,1,0.276,0.0,0,0,1,1,86,10659862,True
PARQUET,97 HARBORD ST,Restaurant,43.66264,-79.40367,61.49,91.29,44.34,43.87,1,0.438,1.0,1,0,1,1,100,10779949,True
ESTIATORIO MILOS,330 BAY ST,Restaurant,43.64998,-79.38087,61.48,100.0,46.53,44.31,1,0.133,2.0,2,0,1,1,100,10820684,True
AVELO,51 ST NICHOLAS ST,Restaurant,43.66706,-79.38617,61.48,100.0,46.53,44.31,1,0.133,2.0,2,0,1,1,100,10700031,True
CAFE ON THE SQUARE,100 QUEEN ST W,Restaurant,43.65351,-79.38411,61.42,100.0,46.5,54.3,2,-0.071,-0.5,0,1,2,2,75,9002219,True
BELIEVE TO ACHIEVE,"160 CHALKFARM DR, Unit-101",Community Kitchen (Meal Program),43.72432,-79.51475,61.41,100.0,35.05,67.01,1,0.074,1.0,1,0,1,1,88,10669104,True
FIRED UP PIZZA,1265 MILITARY TRL,Food Court Vendor,43.7839,-79.18629,61.41,100.0,35.05,67.01,1,0.074,1.0,1,0,1,1,86,10792755,True
SCHMALTZ APPETIZING,414 DUPONT ST,Food Take Out,43.6738,-79.41174,61.4,76.0,58.08,56.62,3,0.075,0.0,0,0,1,1,100,10765921,True
WHITE CORNER VARIETY,410 RONCESVALLES AVE,Food Store (Convenience/Variety),43.65156,-79.4512,61.28,100.0,38.0,67.6,1,-0.054,0.0,0,0,1,1,75,10421767,True
EATALY DON MILLS,1090 DON MILLS RD,Restaurant,43.73644,-79.34423,61.22,72.0,55.62,56.12,2,0.253,0.5,2,1,1,1,75,10812020,True
MR. CHEAP VARIETY,1839 AVENUE RD,Food Store (Convenience/Variety),43.73128,-79.41887,61.21,75.2,43.35,68.67,1,0.35,1.0,1,0,1,1,70,10306091,True
BRODFLOUR,8 PARDEE AVE,Bakery,43.63658,-79.42243,61.2,100.0,23.6,89.72,1,0.0,0.0,0,0,1,1,100,10662323,True
PASQUALE BROS. DOWNTOWN LTD.,16 GOODRICH RD,Food Store (Convenience/Variety),43.62808,-79.52589,61.16,90.0,33.75,66.75,1,0.35,0.0,0,0,1,1,71,9381674,True
YOUTHDALE TREATMENT CENTRE,"227 VICTORIA ST, Unit-1",Institutional Food Services,43.65533,-79.3789,61.08,99.34,30.39,66.08,1,0.24,0.0,0,0,1,1,84,9017910,True
SWEET PLANET,"3272 MIDLAND AVE, Unit-110",Bakery,43.80493,-79.29029,61.06,95.17,25.05,90.01,1,0.05,0.0,0,0,1,1,88,10630475,True
SHASHA BREAD CO.,20 PLASTICS AVE,Bakery,43.62314,-79.50954,61.02,90.0,26.32,90.27,1,0.125,0.0,0,0,1,1,89,10297405,True
ISLAND CAFE,45 CHANNEL AVE,Restaurant,43.63072,-79.35627,60.99,100.0,41.87,43.37,1,0.267,1.0,1,0,1,1,82,10841025,True
HISTORY,1663 QUEEN ST E,Fairs / Festivals / Special Occasions,43.66677,-79.31378,60.96,100.0,35.8,67.16,1,0.0,-1.0,0,1,1,1,100,10740653,True
FOOD HAWKER EAST,170 PRINCES BLVD,Food Depot,43.63269,-79.41994,60.89,100.0,22.8,89.56,1,0.0,0.0,0,0,1,1,100,10671255,True
FOOD FOR LIFE,2184 BLOOR ST W,Supermarket,43.65172,-79.47456,60.89,90.0,39.79,67.96,1,0.088,0.0,0,0,1,1,73,10240178,True
WISE MART,1901 YONGE ST,Restaurant,43.69813,-79.39625,60.68,90.0,43.62,43.72,1,0.417,1.0,1,0,1,1,82,10588269,True
ONE,116 YORKVILLE AVE,Restaurant,43.67089,-79.39327,60.53,71.84,54.34,45.87,1,0.438,2.0,2,0,1,1,100,10263525,True
ALIMENTARI ITALIAN GROCERY,319 RONCESVALLES AVE,Restaurant,43.64864,-79.44994,60.51,100.0,40.25,43.05,1,0.282,1.0,1,0,1,1,100,10783362,True
THE REC ROOM,255 ROYAL YORK RD,Child Care - Catered,43.6127,-79.49678,60.5,100.0,32.08,66.42,1,0.099,0.0,1,1,1,1,75,9022718,True
WEST PARK HEALTHCARE CENTRE,170 EMMETT AVE,Institutional Food Services,43.6889,-79.509,60.45,100.0,28.77,65.75,1,0.223,0.0,0,0,1,1,79,10810751,True
ARAMARK CANADA LTD.,105 THE EAST MALL,Food Depot,43.62158,-79.54984,60.41,90.0,26.36,90.27,1,0.062,0.0,0,0,1,1,78,9000728,True
TORONTO GROCERY,1035 COLLEGE ST,Food Store (Convenience/Variety),43.65287,-79.42979,60.37,90.1,39.3,67.86,1,0.052,0.0,0,0,1,1,83,9016559,True
BATHURST & BLOOR I.D.A.,"800 BATHURST ST, Unit-103",Food Store (Convenience/Variety),43.66553,-79.41148,60.36,92.87,35.98,67.2,1,0.111,1.0,1,0,1,1,83,9001230,True
DOLLAR ZONE,2782 VICTORIA PARK AVE,Food Store (Convenience/Variety),43.78812,-79.32944,60.34,96.87,38.0,67.6,1,-0.07,0.0,0,0,1,1,76,9059644,True
OSTERIA GIULIA,134 AVENUE RD,Restaurant,43.67429,-79.39649,60.29,100.0,40.07,43.01,1,0.267,1.0,1,0,1,1,100,10737914,True
GLOBAL GROCERIES CANADA LTD,1818 WESTON RD,Supermarket,43.69902,-79.51373,60.28,90.0,36.68,67.34,1,0.147,1.0,1,0,1,1,85,10669308,True
NESTLE CANADA,72 STERLING RD,Food Store (Convenience/Variety),43.65241,-79.44418,60.16,100.0,28.41,65.68,1,0.208,0.0,0,0,1,1,78,10586744,True
ROSELAND DAY CARE,990 JANE ST,Child Care - Catered,43.68124,-79.49906,60.15,100.0,28.6,65.72,1,0.2,0.0,0,0,1,1,71,9013096,True
QQ THAI ICE CREAM,"3278 MIDLAND AVE, Unit-D117",Food Take Out,43.80531,-79.28862,60.15,84.0,45.25,44.05,1,0.45,1.0,1,0,1,1,87,10572078,True
THE LAMBTON GOLF & COUNTRY CLUB,100 SCARLETT RD,Restaurant,43.66918,-79.50165,60.14,93.44,36.78,42.36,1,0.543,0.0,0,0,1,1,71,9020556,True
HOLY SPIRIT JR YMCA,3530 SHEPPARD AVE E,Child Care - Catered,43.78122,-79.3031,60.1,100.0,28.73,65.75,1,0.189,0.0,0,0,1,1,78,10230265,True
ALL SAINTS CHURCH,315 DUNDAS ST E,Community Kitchen (Meal Program),43.6583,-79.37099,60.0,100.0,28.2,65.64,1,0.2,0.0,0,0,1,1,71,9029170,True
PARLIAMENT SMOKE & GIFT,609 PARLIAMENT ST,Food Store (Convenience/Variety),43.66812,-79.36952,59.96,82.17,34.4,66.88,1,0.4,0.0,0,0,1,1,86,10600440,True
LA VERANDA OSTERIA,946 ROYAL YORK RD,Restaurant,43.64769,-79.51183,59.92,98.5,40.07,43.01,1,0.267,1.0,1,0,1,1,78,10341089,True
SUMILICIOUS SMOKED MEAT AND DELI,"5631 STEELES AVE E, Unit- 5",Restaurant,43.83251,-79.26732,59.89,100.0,39.45,42.89,1,0.25,1.0,1,0,1,1,71,10628892,True
PRETTY SWEET GELATO,"30 BERTRAND AVE, Unit-B201",Food Processing Plant,43.73467,-79.28531,59.8,100.0,27.95,65.59,1,0.19,0.0,0,0,1,1,71,10832481,True
TORONTO CLUB,107 WELLINGTON ST W,Private Club,43.6465,-79.38259,59.74,95.57,24.6,89.92,1,-0.075,0.0,0,0,1,1,75,10376130,True
ABSOLUTE DOLLAR,1000 GERRARD ST E,Food Store (Convenience/Variety),43.66943,-79.3393,59.66,100.0,27.68,65.54,1,0.187,0.0,0,0,1,1,73,10327339,True
CHILDREN ARE PEOPLE DAY CARE,272 CODSELL AVE,Child Care - Catered,43.75474,-79.45892,59.54,100.0,27.41,65.48,1,0.185,0.0,0,0,1,1,77,10273310,True
SPECIALITY FOOD SHOP,555 UNIVERSITY AVE,Food Store (Convenience/Variety),43.65737,-79.38744,59.51,100.0,27.69,65.54,1,0.171,0.0,0,0,1,1,80,9031126,True
NORTH PARK BOWL,1359 LAWRENCE AVE W,Restaurant,43.70965,-79.47376,59.49,90.03,37.34,42.47,1,0.542,0.0,0,0,1,1,72,9011055,True
HIGH PARK,2145 DUNDAS ST W,Food Store (Convenience/Variety),43.65303,-79.45007,59.49,100.0,27.66,65.53,1,0.17,0.0,0,0,1,1,78,10420707,True
AZZURI 82 SUPPORTERS ASSOCIATION,"10 SATTERLY RD, Unit-2",Private Club,43.7588,-79.57014,59.46,90.0,24.35,89.87,1,0.046,0.0,0,0,1,1,70,9010201,True
PINTEREST KITCHEN,"85 RICHMOND ST W, Flr-8",Cafeteria - Private Access,43.65057,-79.38295,59.35,100.0,27.38,65.48,1,0.167,0.0,0,0,1,1,82,10760388,True
GREEN PRESS,2 BLOOR ST E,Food Take Out,43.67073,-79.38555,59.34,93.13,40.93,43.19,1,0.309,0.0,0,0,1,1,86,10583651,True
CHOCOLATE CHARM,3541 BATHURST ST,Food Processing Plant,43.73013,-79.43191,59.33,97.0,28.4,65.68,1,0.2,0.0,0,0,1,1,75,9002903,True
MABU GENERATION,578 YONGE ST,Restaurant,43.66513,-79.38492,59.32,70.5,50.5,45.1,1,0.5,0.0,0,0,1,1,80,10693999,True
NETWORK CHILD CARE SERVICES,756 OSSINGTON AVE,Child Care - Catered,43.66263,-79.42622,59.28,100.0,27.29,65.46,1,0.164,0.0,0,0,1,1,71,9002851,True
ONE MORE CONVENIENCE,21 HOWARD ST,Food Store (Convenience/Variety),43.6713,-79.3754,59.25,91.73,34.93,66.99,1,0.069,1.0,1,0,1,1,80,10469603,True
SOUTH INDIAN DOSA MAHAL,9 RONCESVALLES AVE,Restaurant,43.63908,-79.44624,59.2,77.0,40.9,43.18,1,0.7,0.0,0,0,1,1,100,10694538,True
SUB MASTER,5555 EGLINTON AVE W,Restaurant,43.65004,-79.60354,59.06,84.86,43.2,43.64,1,0.4,1.0,1,0,1,1,75,10766301,True
MR JACK'S,"666 BURNHAMTHORPE RD, Unit-9",Restaurant,43.64168,-79.57669,59.04,84.75,43.2,43.64,1,0.4,1.0,1,0,1,1,89,10776258,True
MCCORMICK PARK CAFE,66 SHERIDAN AVE,Food Take Out,43.64735,-79.43345,59.04,87.0,42.9,43.58,1,0.356,1.0,1,0,1,1,88,10767518,True
BUT N BEN BUTCHER,1601 ELLESMERE RD,Butcher Shop,43.77153,-79.25255,59.02,96.41,28.1,65.62,1,0.196,0.0,0,0,1,1,71,9002087,True
REX HOTEL,"194 QUEEN ST W, Unit-3",Restaurant,43.65044,-79.38842,59.0,97.56,39.1,42.82,1,0.236,1.0,1,0,1,1,78,9012906,True
WEI'S TAIWANESE FOOD,2578 BIRCHMOUNT RD,Food Take Out,43.78983,-79.30203,58.99,69.25,58.17,46.63,1,0.199,3.0,3,0,1,1,85,9396252,True
KIDS & COMPANY,"160 BLOOR ST E, Unit-160",Child Care - Catered,43.67163,-79.38305,58.99,100.0,27.02,65.41,1,0.145,0.0,0,0,1,1,74,9159261,True
FROM THERE TO HERE,17 ST JOHNS RD,Food Store (Convenience/Variety),43.66529,-79.47396,58.98,100.0,27.72,65.54,1,0.117,0.0,0,0,1,1,78,10796158,True
HE HE LONG,111 RAVEL RD,Food Take Out,43.79106,-79.36669,58.95,100.0,38.46,42.69,1,0.195,1.0,1,0,1,1,73,9021383,True
D SPOT,828 BAY ST,Food Take Out,43.6616,-79.38612,58.9,100.0,38.2,42.64,1,0.2,1.0,1,0,1,1,83,10665711,True
ABURI HANA,102 YORKVILLE AVE,Restaurant,43.67107,-79.39255,58.88,100.0,39.6,42.92,1,0.144,1.0,1,0,1,1,100,10696923,True
PHARMA MEDICA RESEARCH INC,4770 SHEPPARD AVE E,Cafeteria - Private Access,43.79149,-79.25356,58.84,100.0,26.93,65.39,1,0.133,0.0,0,0,1,1,84,10303534,True
BRANT STREET DAY CARE,20 BRANT ST,Child Care - Catered,43.64573,-79.39823,58.83,100.0,26.72,65.34,1,0.141,0.0,0,0,1,1,83,9001828,True
SHEET HAPPENS,4 CARLAW AVE,Refreshment Stand (Stationary),43.65324,-79.33639,58.81,90.0,34.93,66.99,1,0.069,1.0,1,0,1,1,77,10758583,True
STARBUCKS COFFEE,444 EGLINTON AVE W,Restaurant,43.70416,-79.41189,58.72,93.0,40.6,43.12,1,0.264,1.0,1,0,1,1,73,9014609,True
OLYMPIC CHEESE,93 FRONT ST E,Food Take Out,43.64905,-79.37177,58.71,91.34,40.7,43.14,1,0.3,1.0,1,0,1,1,71,10496609,True
WESTON MEMORIAL BEFORE AND AFTER,200 JOHN ST,Child Care - Food Preparation,43.70599,-79.50933,58.71,100.0,30.4,66.08,1,-0.014,0.0,0,0,1,1,71,10342246,True
SAN JOSE MEXICAN FOODS,2393 ST CLAIR AVE W,Food Caterer,43.66922,-79.48125,58.69,100.0,28.47,65.69,1,0.059,0.0,0,0,1,1,80,10836624,True
PROCTER & GAMBLE BISTRO,"5160 YONGE ST, Flr-15",Cafeteria - Private Access,43.76885,-79.4136,58.67,100.0,26.73,65.34,1,0.125,0.0,0,0,1,1,70,10832773,True
CRAIG'S COOKIES,483 CHURCH ST,Restaurant,43.66497,-79.38041,58.61,89.29,41.12,43.23,1,0.325,1.0,1,0,1,1,78,10692415,True
BATHURST LOCAL,322 BATHURST ST,Restaurant,43.65147,-79.40596,58.61,98.25,34.74,41.95,1,0.35,0.0,0,0,1,1,73,10507795,True
THE GREAT HALL,1087 QUEEN ST W,Banquet Facility,43.64325,-79.42208,58.6,92.4,32.08,66.42,1,0.099,0.0,1,1,1,1,79,10574145,True
SCHULICH EXECUTIVE LEARNING CENTRE,56 FINE ARTS RD,Restaurant,43.77288,-79.49817,58.6,100.0,40.26,43.05,1,0.09,-1.0,0,1,1,1,80,9386757,True
SOUNDS GOOD,1756 DUNDAS ST W,Restaurant,43.65047,-79.44,58.49,100.0,37.89,42.58,1,0.171,1.0,1,0,1,1,76,10801778,True
JUST JERK,"8 WESTMORE DR, Unit-N13",Flea Market,43.74227,-79.60457,58.34,100.0,26.5,65.3,1,0.1,0.0,0,0,1,1,78,10756604,True
TREATS FOR US,"4841 YONGE ST, Flr-3",Food Take Out,43.76226,-79.41083,58.29,91.27,40.6,43.12,1,0.264,1.0,1,0,1,1,74,10736063,True
LEE CHEN,214 KING ST W,Restaurant,43.64743,-79.38677,58.23,89.25,46.22,44.24,1,0.089,2.0,2,0,1,1,100,10585665,True
CANADIAN TIRE GAS,2601 EGLINTON AVE E,Food Store (Convenience/Variety),43.73518,-79.25369,58.2,90.93,30.32,66.06,1,0.165,-1.0,0,1,1,1,71,10396973,True
TORONTO PEOPLE WITH AIDS FOUNDATION,163 QUEEN ST E,Community Kitchen (Meal Program),43.65372,-79.37235,58.11,100.0,25.61,65.12,1,0.112,0.0,0,0,1,1,81,10806766,True
OSSINGTON MINIMART,884 BLOOR ST W,Food Store (Convenience/Variety),43.66214,-79.42536,58.02,100.0,25.7,65.14,1,0.1,0.0,0,0,1,1,72,10305107,True
MOVE,388 CARLAW AVE,Food Take Out,43.66574,-79.34228,57.96,100.0,31.95,41.39,1,0.35,0.0,0,0,1,1,100,10605192,True
EDEN TRATTORIA,58 MARINE PARADE DR,Restaurant,43.62748,-79.47713,57.91,88.0,46.22,44.24,1,0.089,2.0,2,0,1,1,78,10263010,True
HIGHER,"283 SPADINA AVE, Unit-B2",Restaurant,43.6528,-79.39755,57.85,100.0,39.3,42.86,1,0.052,0.0,0,0,1,1,100,10696177,True
IVAN FRANKO HOME,767 ROYAL YORK RD,Nursing Home / Home for the Aged,43.63768,-79.50708,57.82,100.0,25.94,65.19,1,0.07,0.0,1,1,1,1,73,9007549,True
ROYAL CANADIAN LEGION #345,81 PEARD RD,Banquet Facility,43.71031,-79.29739,57.79,100.0,25.4,65.08,1,0.088,0.0,0,0,1,1,80,9001886,True
KINGSWAY FISH & CHIPS,3060 BLOOR ST W,Restaurant,43.64706,-79.51336,57.76,89.0,41.05,43.21,1,0.25,1.0,1,0,1,1,100,9008306,True
WINFIELD CANADA TRADING,"21 MILLIKEN BLVD, Unit-C3",Butcher Shop,43.80415,-79.29377,57.74,92.43,34.8,66.96,1,-0.094,1.0,1,0,1,1,82,10499462,True
THE HARVEST WAGON,"1103 YONGE ST, Unit-2",Supermarket,43.68021,-79.3906,57.66,85.0,35.05,67.01,1,0.074,1.0,1,0,1,1,80,9006710,True
NO FRILLS,1150 VICTORIA PARK AVE,Supermarket,43.70834,-79.29613,57.61,92.0,29.03,65.81,1,0.129,0.0,0,0,1,1,100,10218906,True
CHRISTIE GARDENS,600 MELITA CRES,Retirement Homes(Licensed),43.67319,-79.42269,57.6,81.5,31.22,66.24,1,0.305,0.0,0,0,1,1,75,9002956,True
CHIANG MAI THAI KITCHEN,84 PARK LAWN RD,Restaurant,43.62458,-79.48497,57.55,72.27,45.48,44.09,1,0.475,1.0,1,0,1,1,100,10660423,True
SUITE SHOP,5515 EGLINTON AVE W,Food Store (Convenience/Variety),43.65246,-79.60167,57.53,100.0,27.0,65.4,1,0.0,0.0,0,0,1,1,70,10725313,True
KIDS AND COMPANY,"5650 YONGE ST, Ste-101",Child Care - Catered,43.78018,-79.41596,57.47,100.0,24.8,64.96,1,0.08,0.0,0,0,1,1,83,9422076,True
GOOD FORK,1550 DUNDAS ST W,Restaurant,43.65001,-79.4334,57.47,100.0,31.32,41.27,1,0.325,0.0,0,0,1,1,94,10686791,True
WALKING DUCK,"63 SILVER STAR BLVD, Unit-A7",Food Processing Plant,43.80685,-79.29117,57.37,100.0,26.6,65.32,1,0.0,0.0,0,0,1,1,74,10844181,True
OSMOWS,505 ST CLAIR AVE W,Food Take Out,43.68292,-79.41846,57.33,73.84,46.93,44.39,1,0.357,0.0,0,0,1,1,100,10732804,True
KOH LIPE,4675 STEELES AVE E,Restaurant,43.82416,-79.30253,57.31,85.25,35.9,42.18,1,0.5,0.0,0,0,1,1,100,10792309,True
THE BOTTOM LINE,22 FRONT ST W,Restaurant,43.64653,-79.37772,57.29,65.72,48.94,44.79,1,0.478,1.0,1,0,1,1,74,9015587,True
INDIAN GROCERIES AND SPICES,105 SELECT AVE,Food Processing Plant,43.83103,-79.25783,57.25,100.0,24.93,64.99,1,0.053,0.0,0,0,1,1,77,9007403,True
TO LIVE,1 FRONT ST E,Cocktail Bar / Beverage Room,43.64659,-79.3762,57.24,100.0,25.11,65.02,1,0.044,0.0,0,0,1,1,86,10832630,True
JIMMY THE GREEK,"40 KING ST W, #126",Food Court Vendor,43.64869,-79.38023,57.24,100.0,25.11,65.02,1,0.044,0.0,0,0,1,1,75,9007771,True
RUTH'S CHRIS STEAK HOUSE,"145 RICHMOND ST W, Bsmt-1",Restaurant,43.65004,-79.38558,57.21,97.0,31.95,41.39,1,0.35,0.0,0,0,1,1,71,9013259,True
REAL VEGETARIAN FOOD STORE,23 MILLIKEN BLVD,Food Store (Convenience/Variety),43.80414,-79.29508,57.21,88.84,28.2,65.64,1,0.2,0.0,0,0,1,1,73,10505741,True
KIDS ZONE,76 CONSTANCE ST,Child Care - Food Preparation,43.64935,-79.45356,57.2,100.0,24.66,64.93,1,0.058,0.0,0,0,1,1,78,10288277,True
MILAGRO RESTAURANT AND CANTINA,50 JOHN ST,Restaurant,43.64562,-79.3895,57.19,90.0,34.14,41.83,1,0.438,0.0,0,0,1,1,71,10250210,True
GREEN FARMS,"1364 BATHURST ST, Unit-1",Food Store (Convenience/Variety),43.67992,-79.41728,57.18,91.67,27.27,65.45,1,0.163,0.0,0,0,1,1,80,9006454,True
WEST EATERY,301 FRONT ST W,Restaurant,43.64372,-79.38844,57.14,91.0,38.83,42.77,1,0.225,1.0,1,0,1,1,80,10635438,True
BUSY BEES,1712 DANFORTH AVE,Food Store (Convenience/Variety),43.68425,-79.3204,57.11,100.0,24.65,64.93,1,0.05,0.0,0,0,1,1,78,10649587,True
ISLAND FOODS,"1310 DON MILLS RD, Unit-2",Restaurant,43.74593,-79.3463,57.1,100.0,30.86,41.17,1,0.306,0.0,0,0,1,1,92,10231398,True
IN GOOD SPIRITS CO.,81 BAY ST,Food Court Vendor,43.64423,-79.37807,57.09,93.44,26.5,65.3,1,0.14,0.0,0,0,1,1,88,10777149,True
LORETTO COLLEGE,70 ST MARY ST,Cafeteria - Private Access,43.66738,-79.39004,57.09,90.4,27.66,65.53,1,0.17,0.0,0,0,1,1,73,9009102,True
ALOETTE,81 BAY ST,Restaurant,43.64423,-79.37807,57.03,92.0,33.4,41.68,1,0.4,0.0,0,0,1,1,100,10813319,True
THE WELL BAR TORONTO,487 CHURCH ST,Restaurant,43.66507,-79.38044,57.03,70.69,52.2,45.44,1,0.2,2.0,2,0,1,1,70,10711920,True
LUCIE,"100 YONGE ST, Unit-100",Restaurant,43.64978,-79.37851,57.02,91.0,33.71,41.74,1,0.412,0.0,0,0,1,1,100,10788886,True
PETRO CANADA,3905 SHEPPARD AVE E,Food Store (Convenience/Variety),43.78279,-79.28864,57.01,90.0,27.69,65.54,1,0.171,0.0,0,0,1,1,82,9387477,True
UKRAINIAN CANADIAN CARE CENTRE,60 RICHVIEW RD,Nursing Home / Home for the Aged,43.6845,-79.51896,57.0,92.5,26.78,65.36,1,0.143,0.0,0,0,1,1,86,9016857,True
COSTCO,50 QUEEN ELIZABETH BLVD,Supermarket,43.62271,-79.50739,56.98,100.0,25.6,65.12,1,0.0,0.0,0,0,1,1,100,10296285,True
BIG BOY HOT DOG -HOT DOG CART #4034,315 FRONT ST W,Hot Dog Cart,43.64372,-79.38929,56.83,100.0,25.2,65.04,1,0.0,0.0,0,0,1,1,75,10367020,True
OLD TIME,"10 MALLARD RD, Unit-55-57",Restaurant,43.74773,-79.34875,56.82,91.5,33.2,41.64,1,0.4,0.0,0,0,1,1,75,10631079,True
MTCC - STAFF CAFETERIA,255 FRONT ST W,Cafeteria - Private Access,43.64392,-79.38764,56.77,96.0,34.8,66.96,1,-0.28,-2.0,0,2,1,1,71,9014577,True
BOSTON DISCOUNT STORE,1020 QUEEN ST E,Food Store (Convenience/Variety),43.66153,-79.33872,56.74,90.93,26.95,65.39,1,0.15,0.0,0,0,1,1,75,9001795,True
YORK DOLLAR & MORE,2957 DUFFERIN ST,Food Store (Convenience/Variety),43.71004,-79.45336,56.73,90.27,27.35,65.47,1,0.15,0.0,0,0,1,1,75,9419444,True
JAMAICAN CANADIAN COMMUNITY CENTRE,995 ARROW RD,Banquet Facility,43.74974,-79.53247,56.72,98.38,24.56,64.91,1,0.054,0.0,0,0,1,1,81,9045732,True
ODD BURGER,492 COLLEGE ST,Restaurant,43.65624,-79.40973,56.67,88.88,38.89,42.78,1,0.228,1.0,1,0,1,1,80,10689575,True
RONCESVALLES UNITITED CHURCH,240 RONCESVALLES AVE,Community Kitchen (Meal Program),43.64557,-79.44922,56.63,100.0,23.93,64.79,1,0.029,0.0,0,0,1,1,94,10815514,True
RONCESVALLES FRUIT MARKET,"630 QUEEN ST W, Unit-628",Supermarket,43.64706,-79.40582,56.63,100.0,23.93,64.79,1,0.029,0.0,0,0,1,1,80,10803776,True
YORK U - THE BREAK ROOM,4700 KEELE ST,Restaurant,43.77342,-79.50234,56.58,84.27,40.25,43.05,1,0.282,1.0,1,0,1,1,89,9016137,True
MOTHER,874 QUEEN ST W,Restaurant,43.64572,-79.41134,56.55,84.66,40.08,43.02,1,0.275,1.0,1,0,1,1,100,10670189,True
THE COFFEE EXCHANGE,"109 MC CAUL ST, Unit-34",Food Court Vendor,43.65413,-79.3911,56.55,100.0,23.84,64.77,1,0.025,0.0,0,0,1,1,73,9015645,True
SCARAMOUCHE,1 BENVENUTO PL,Restaurant,43.68156,-79.39996,56.52,81.12,40.25,43.05,1,0.354,1.0,1,0,1,1,100,9388071,True
LAKESHORE LODGE,3197 LAKE SHORE BLVD W,Nursing Home / Home for the Aged,43.59743,-79.51972,56.52,100.0,24.4,64.88,1,0.0,0.0,0,0,1,1,75,9008588,True
SUSHI PLACE,1730 BLOOR ST W,Restaurant,43.65493,-79.45886,56.5,83.0,40.75,43.15,1,0.286,1.0,1,0,1,1,73,10491537,True
EASY RESTAURANT,"1645 QUEEN ST W, Unit-2",Restaurant,43.63874,-79.44566,56.49,81.0,40.25,43.05,1,0.354,1.0,1,0,1,1,80,9004841,True
DEFINITELY YOURS RESTAURANT,1155 ST CLAIR AVE W,Restaurant,43.67792,-79.44228,56.48,100.0,30.07,41.02,1,0.275,0.0,0,0,1,1,72,10613329,True
CLIO TORONTO,"600 KING ST W, Flr-2-5",Private Club,43.64459,-79.4,56.47,79.03,25.0,90.0,1,-0.004,-1.0,0,1,1,1,83,10643163,True
FOR FAMILY CONVENIENCE,"2466 EGLINTON AVE E, Unit-8",Food Store (Convenience/Variety),43.73446,-79.26105,56.46,90.03,26.88,65.38,1,0.147,0.0,0,0,1,1,72,10765554,True
THE ROYAL CANADIAN LEGION,45 LAWSON RD,Banquet Facility,43.78224,-79.16272,56.41,100.0,23.56,64.71,1,0.022,0.0,0,0,1,1,77,9002340,True
LIVELY LIFE,93 FRONT ST E,Food Store (Convenience/Variety),43.64905,-79.37177,56.38,100.0,23.62,64.72,1,0.017,0.0,0,0,1,1,70,10218996,True
THE CLAREMONT RETIREMENT RESIDENCE,305 BALLIOL ST,Retirement Homes(Licensed),43.69897,-79.38695,56.38,86.46,29.33,65.87,1,0.133,0.0,0,0,1,1,72,9053714,True
ONE LAST THING,1335 DANFORTH AVE,Food Take Out,43.682,-79.32899,56.37,100.0,35.11,42.02,1,0.068,1.0,1,0,1,1,86,10800255,True
STAY INN,560 EVANS AVE,Cafeteria - Public Access,43.61211,-79.54472,56.36,100.0,24.0,64.8,1,0.0,0.0,0,0,1,1,80,10410092,True
BELL CANADA CAFETERIA,100 WYNFORD DR,Cafeteria - Private Access,43.72741,-79.33178,56.32,100.0,23.74,64.75,1,0.006,0.0,0,0,1,1,83,9001372,True
CHAO LAY,809 ST CLAIR AVE W,Restaurant,43.68043,-79.43063,56.31,100.0,34.93,41.99,1,0.069,1.0,1,0,1,1,86,10835183,True
MAIN KITCHEN,205 HUMBER COLLEGE BLVD,Commissary,43.72917,-79.60684,56.28,100.0,23.8,64.76,1,0.0,0.0,0,0,1,1,87,10396589,True
LEN DUCKWORTH FISH & CHIPS,2638 DANFORTH AVE,Restaurant,43.68882,-79.29998,56.28,81.0,42.01,53.4,2,0.065,0.0,0,0,1,1,100,9004699,True
GEORGE BROWN WATERFRONT CAMPUS - SNAP,51 DOCKSIDE DR,Food Bank,43.64463,-79.36586,56.28,100.0,23.8,64.76,1,0.0,0.0,0,0,1,1,78,10608143,True
AAA BAR,138 ADELAIDE ST E,Restaurant,43.65178,-79.37277,56.22,82.85,40.24,43.05,1,0.281,1.0,1,0,1,1,70,10201481,True
DUBLIN HEIGHTS COMMUNITY CHILD CARE,"100 BAINBRIDGE AVE, Unit-4",Child Care - Catered,43.74911,-79.44773,56.2,100.0,23.6,64.72,1,0.0,0.0,0,0,1,1,70,9004693,True
THE STAFF LOUNGE,205 HUMBER COLLEGE BLVD,Restaurant,43.72917,-79.60684,56.18,100.0,29.79,40.96,1,0.256,0.0,0,0,1,1,72,9015871,True
TOTAL CLEANSE LTD,"1111 FINCH AVE W, Unit-21",Food Processing Plant,43.76595,-79.47393,56.17,95.57,24.76,64.95,1,0.062,0.0,0,0,1,1,70,10687116,True
RUDOLPH'S BAKERIES,390 ALLIANCE AVE,Bakery,43.67827,-79.48586,56.13,100.0,23.4,89.68,1,-0.5,0.0,0,0,1,1,83,9021061,True
B & B BURGERS,"20 LOCKPORT AVE, Unit-34",Food Take Out,43.62872,-79.54081,56.13,93.0,31.75,41.35,1,0.35,0.0,0,0,1,1,88,10821233,True
MARTINGROVE CHILD CARE CENTRE,256 JOHN GARLAND BLVD,Child Care - Food Preparation,43.73427,-79.59096,56.13,100.0,23.4,64.68,1,0.0,0.0,0,0,1,1,75,9053498,True
RHYME AND REASON DAY CARE,474 BROWNS LINE,Child Care - Catered,43.60266,-79.54611,56.13,100.0,23.4,64.68,1,0.0,0.0,0,0,1,1,70,9337476,True
SHOPPERS DRUG MART,970 QUEEN ST E,Food Store (Convenience/Variety),43.66124,-79.34048,56.13,100.0,23.4,64.68,1,0.0,0.0,0,0,1,1,80,9014001,True
SUPER CHOY,2825 KINGSTON RD,Restaurant,43.72106,-79.23669,56.08,100.0,29.77,40.95,1,0.247,0.0,0,0,1,1,70,10604498,True
MSSM OSSINGTON,1221 DUNDAS ST W,Restaurant,43.6494,-79.42321,56.06,100.0,29.65,40.93,1,0.25,0.0,0,0,1,1,78,10800789,True
CANADIAN MOTHERCRAFT SOCIETY,14 TRINITY SQ,Child Care - Food Preparation,43.65449,-79.38148,56.05,100.0,23.2,64.64,1,0.0,0.0,0,0,1,1,83,9002343,True
TODAY TONIGHT,1704 QUEEN ST W,Cocktail Bar / Beverage Room,43.63898,-79.44512,56.05,100.0,23.2,64.64,1,0.0,0.0,0,0,1,1,70,10683277,True
HOPE CENTRE,"110 EMPRINGHAM DR, Unit-214",Community Kitchen (Meal Program),43.81221,-79.21274,56.01,93.0,25.68,65.14,1,0.075,0.0,0,0,1,1,74,10534098,True
IMPACT N COMMUNITIES,4301 KINGSTON RD,Serving Kitchen,43.76274,-79.19283,55.99,100.0,27.8,65.56,1,-0.185,0.0,0,0,1,1,75,10656403,True
Y NOT ITALIAN,538 MANNING AVE,Restaurant,43.66064,-79.4147,55.96,92.0,31.95,41.39,1,0.35,-1.0,0,1,1,1,71,10717861,True
2257029 ONTARIO INC.,235 QUEENS QUAY W,Mobile Food Preparation Premises,43.63912,-79.38289,55.94,100.0,23.2,64.64,1,-0.011,0.0,0,0,1,1,83,10399648,True
WAN YOU FREEZING DIM SUM,"4438 SHEPPARD AVE E, Unit-212",Food Court Vendor,43.78804,-79.26775,55.94,95.27,24.56,64.91,1,0.054,0.0,0,0,1,1,79,10769107,True
PIZZA LAND,"2700 KIPLING AVE, UNIT-5&6",Restaurant,43.7567,-79.58932,55.91,100.0,29.25,40.85,1,0.25,0.0,0,0,1,1,70,10549273,True
BENDALE ACRES KITCHEN,2920 LAWRENCE AVE E,Institutional Food Services,43.7549,-79.25216,55.9,81.73,34.16,66.83,1,0.014,1.0,1,0,1,1,88,9001395,True
JUICING FOR LIFE,1921 EGLINTON AVE E,Flea Market,43.72701,-79.28814,55.9,100.0,23.2,64.64,1,-0.015,0.0,0,0,1,1,82,9052824,True
BEST WESTERN EXECUTIVE INN,38 ESTATE DR,Restaurant,43.78367,-79.23739,55.9,83.1,39.75,52.95,2,0.062,0.0,0,0,1,1,83,10368666,True
GOOD TASTE,5205 YONGE ST,Restaurant,43.77066,-79.41295,55.88,77.94,41.37,43.27,1,0.327,1.0,1,0,1,1,70,10758947,True
DON VALLEY CHRISTIAN CHILD CARE,25 AXSMITH CRES,Child Care - Catered,43.78866,-79.35219,55.88,100.0,23.4,64.68,1,-0.025,0.0,0,0,1,1,70,9004482,True
SAUCE,1376 DANFORTH AVE,Restaurant,43.68258,-79.32827,55.76,93.0,31.28,41.26,1,0.331,0.0,0,0,1,1,100,10460432,True
SUSAN GROCERY AND CONVENIENCE STORE,263 PHARMACY AVE,Food Store (Convenience/Variety),43.69985,-79.28494,55.71,92.1,27.4,65.48,1,0.0,0.0,0,0,1,1,100,9423779,True
ASIAN FOOD CENTRE,10 WESTMORE DR,Butcher Shop,43.74227,-79.60457,55.71,78.66,34.59,66.92,1,0.055,1.0,1,0,1,1,80,9000810,True
QUEEN'S QUAY CONVENIENCE,390 QUEENS QUAY W,Food Store (Convenience/Variety),43.63819,-79.39005,55.69,100.0,23.4,64.68,1,-0.043,0.0,0,0,1,1,91,10525791,True
STAPLES,"2131 YONGE ST, Unit-202",Food Store (Convenience/Variety),43.70384,-79.39723,55.69,100.0,23.4,64.68,1,-0.043,0.0,0,0,1,1,100,10813234,True
WEST NEIGHBOURHOOD HOUSE,248 OSSINGTON AVE,Commissary,43.64936,-79.42078,55.69,100.0,23.4,64.68,1,-0.043,0.0,0,0,1,1,78,10335825,True
HOT STAR LARGE FRIED CHICKEN,5525 YONGE ST,Food Take Out,43.7785,-79.41488,55.67,79.0,46.22,44.24,1,0.089,2.0,2,0,1,1,100,10605637,True
INS MARKET,208 QUEENS QUAY W,Food Store (Convenience/Variety),43.63987,-79.38142,55.66,100.0,23.2,64.64,1,-0.039,0.0,0,0,1,1,90,10260677,True
BIG FAT COOKIES,"486 FRONT ST W, Unit-WM53",Food Court Vendor,43.64211,-79.39711,55.62,98.0,23.4,64.68,1,0.0,0.0,0,0,1,1,75,10809097,True
THE ONLY CAFE,"972 DANFORTH AVE, Unit-1",Restaurant,43.68058,-79.33788,55.6,87.27,38.3,52.66,2,-0.015,-0.5,0,1,1,1,75,9057508,True
ATELIER KIDS,21 QUEBEC AVE,Child Care - Food Preparation,43.65373,-79.46684,55.53,100.0,23.4,64.68,1,-0.06,0.0,0,0,1,1,70,10748367,True
WINE BROS,"191 TORYORK DR, Flr-1",Food Store (Convenience/Variety),43.76014,-79.55891,55.49,95.9,24.4,64.88,1,0.0,0.0,0,0,1,1,78,10777237,True
FIT FOR LIFE,50 EGLINTON AVE E,Restaurant,43.70747,-79.39679,55.48,67.22,46.78,54.36,2,0.143,0.5,2,1,1,1,72,10306560,True
BOOSTER JUICE,200 WELLINGTON ST W,Food Take Out,43.64574,-79.38715,55.46,100.0,34.16,41.83,1,0.014,1.0,1,0,1,1,100,9398714,True
VICTORIA PARK CHILD CARE CENTRE,15 WALLINGFORD RD,Child Care - Catered,43.75607,-79.32147,55.42,100.0,23.2,64.64,1,-0.062,0.0,0,0,1,1,100,9017108,True
SWEET STUFF INC,3440 LAKE SHORE BLVD W,Ice Cream / Yogurt Vendors,43.59564,-79.5294,55.41,100.0,23.6,64.72,1,-0.079,-1.0,0,1,1,1,71,10840081,True
HYDRO BRIGHT LIGHTS CHILD CARE CENTRE,800 KIPLING AVE,Child Care - Catered,43.6302,-79.53265,55.36,100.0,24.0,64.8,1,-0.1,0.0,0,0,1,1,78,9007245,True
WAVE MAKERS,104 MARTIN ROSS AVE,Centralized Kitchen,43.77366,-79.47716,55.35,89.0,25.9,65.18,1,0.1,0.0,0,0,1,1,73,10816991,True
STAND 4,45 MANITOBA DR,Food Take Out,43.6358,-79.41509,55.26,100.0,34.0,41.8,1,0.0,0.0,0,0,1,1,83,10448353,True
CANADIAN TIRE,1019 SHEPPARD AVE E,Food Store (Convenience/Variety),43.76977,-79.37198,55.26,90.0,25.68,65.14,1,0.075,0.0,0,0,1,1,85,10655172,True
THAT LOCAL GIRL,2030 WESTON RD,Food Take Out,43.70131,-79.52113,55.24,83.25,46.2,54.24,2,-0.259,0.0,0,0,2,2,70,10822263,True
CAFE PLENTY,250 DUNDAS ST W,Food Take Out,43.65466,-79.38927,55.23,71.25,44.89,53.98,2,0.092,0.0,0,0,1,2,82,10426343,True
ON THE RUN,2088 ALBION RD,Food Store (Convenience/Variety),43.74805,-79.63324,55.23,98.63,24.8,64.96,1,-0.11,0.0,0,0,1,1,70,10760215,True
LITE BITE,145 WELLINGTON ST W,Food Take Out,43.64608,-79.38497,55.18,100.0,28.43,40.69,1,0.209,0.0,0,0,1,1,75,9028999,True
THE FRENCH CONNECTON CHILD CARE CENTRE,40 ERSKINE AVE,Child Care - Catered,43.71194,-79.39747,55.16,100.0,25.2,65.04,1,-0.167,0.0,0,0,1,1,77,9005714,True
THE OPERA HOUSE,735 QUEEN ST E,Restaurant,43.65898,-79.34881,55.16,95.0,35.05,42.01,1,0.074,1.0,1,0,1,1,72,9015927,True
THE FEDERAL,1438 DUNDAS ST W,Restaurant,43.64957,-79.43008,55.16,74.0,46.76,44.35,1,0.142,2.0,2,0,1,1,78,10776985,True
BELMONT HOUSE,55 BELMONT ST,Retirement Homes(Licensed),43.67468,-79.39097,55.12,77.14,29.05,65.81,1,0.25,0.0,0,0,1,1,89,9001383,True
STANLEY PUBLIC SCHOOL,75 STANLEY RD,Student Nutrition Site,43.74184,-79.51783,55.08,100.0,23.4,64.68,1,-0.105,0.0,0,0,1,1,76,9014585,True
COMPLETE MART,1200 YORK MILLS RD,Food Store (Convenience/Variety),43.75966,-79.33502,55.08,100.0,23.4,64.68,1,-0.105,0.0,0,0,1,1,77,10759863,True
M2M ASIAN GROCERY STORE,4885 YONGE ST,Supermarket,43.76356,-79.41116,55.03,71.0,31.5,66.3,1,0.3,0.0,0,0,1,1,97,10472492,True
YONGE CONVENIENCE,"890 YONGE ST, Unit-5",Food Store (Convenience/Variety),43.6733,-79.38835,55.03,94.75,23.57,64.71,1,0.015,0.0,0,0,1,1,73,10764620,True
U KNOW SUSHI,170 THE QUEENSWAY,Restaurant,43.63007,-79.48541,55.02,82.5,38.83,42.77,1,0.225,1.0,1,0,1,1,72,10777593,True
ALUMNAE THEATRE COMPANY,70 BERKELEY ST,Restaurant,43.65295,-79.36474,54.97,93.1,35.41,42.08,1,0.088,1.0,2,1,1,1,70,10289627,True
LE GOURMAND,"2901 LAKE SHORE BLVD W, Bldg-REAR",Commissary,43.60074,-79.50443,54.95,100.0,23.2,64.64,1,-0.109,-1.0,0,1,1,1,100,10816571,True
ANOTHER BAR,926 BLOOR ST W,Restaurant,43.66163,-79.42727,54.81,95.0,29.65,40.93,1,0.25,0.0,0,0,1,1,78,10577967,True
PINE POINT ARENA,15 GRIERSON RD,Refreshment Stand (Stationary),43.71284,-79.54279,54.8,100.0,23.2,64.64,1,-0.125,0.0,0,0,1,1,88,9424121,True
IMPERFECT EATS,"312 ADELAIDE ST W, Unit-102",Restaurant,43.64773,-79.39186,54.77,74.24,41.94,43.39,1,0.286,1.0,1,0,1,1,86,10687000,True
EAST CHINATOWN GIFTS,651 GERRARD ST E,Food Store (Convenience/Variety),43.66578,-79.35014,54.77,90.0,25.05,65.01,1,0.05,0.0,0,0,1,1,73,10553944,True
FOOD BANK,4100 LAWRENCE AVE E,Food Bank,43.76649,-79.19591,54.75,95.37,25.4,65.08,1,-0.1,0.0,0,0,1,1,78,10641478,True
EGLINTON GRAND,400 EGLINTON AVE W,Banquet Facility,43.70949,-79.38585,54.72,69.75,31.5,66.3,1,0.3,0.0,0,0,1,1,86,9385795,True
EVERYTHING STORE,923 PAPE AVE,Food Store (Convenience/Variety),43.6857,-79.34712,54.69,97.03,24.4,64.88,1,-0.109,0.0,0,0,1,1,86,10325846,True
BRAZILIAN CANADIAN COFFEE,1260 MARTIN GROVE RD,Food Processing Plant,43.70798,-79.57947,54.69,90.27,24.56,64.91,1,0.054,0.0,0,0,1,1,79,9001846,True
DANFORTH DRAGON,861 DANFORTH AVE,Restaurant,43.67971,-79.33975,54.61,100.0,29.03,40.81,1,0.129,0.0,0,0,1,1,75,9003988,True
THE SCOTT MISSION,"502 SPADINA AVE, Unit-1",Institutional Food Services,43.65869,-79.40081,54.61,73.0,30.83,66.17,1,0.233,0.0,0,0,1,1,88,9016034,True
ROLL THIS WAY,"14 LOGAN AVE, Unit-B",Food Caterer,43.65453,-79.3403,54.53,92.0,25.4,65.08,1,-0.038,0.0,0,0,1,1,77,10745316,True
THE NEW BUFFALO RESTAURANT,242 QUEEN ST E,Restaurant,43.65482,-79.36847,54.52,96.5,28.9,40.78,1,0.212,0.0,0,0,1,1,74,9001976,True
TORONTO EAST DETENTION CENTRE,55 CIVIC RD,Institutional Food Services,43.72737,-79.28144,54.51,89.0,25.34,65.07,1,0.038,0.0,0,0,1,1,91,9016555,True
DOLLAR SMART,3412 DUNDAS ST W,Food Store (Convenience/Variety),43.66586,-79.48452,54.47,97.97,23.2,64.64,1,-0.107,0.0,0,0,1,1,71,10201722,True
LUO LUO DELICIOUS,"390 SILVER STAR BLVD, Unit-129-130",Restaurant,43.81517,-79.29676,54.45,79.37,41.33,43.27,1,0.149,1.0,1,0,1,1,82,10778183,True
WHITE EAGLE NURSING HOME,138 DOWLING AVE,Nursing Home / Home for the Aged,43.63718,-79.43922,54.43,91.5,23.84,64.77,1,0.025,0.0,0,0,1,1,77,9017486,True
YOUR DOLLAR STORE WITH MORE,620 SHEPPARD AVE W,Food Store (Convenience/Variety),43.75546,-79.44024,54.42,95.43,23.2,64.64,1,-0.049,-1.0,0,1,1,1,75,10275843,True
DUAL CITIZEN - SHERATON HOTEL,123 QUEEN ST W,Restaurant,43.65126,-79.38437,54.31,92.0,29.87,40.97,1,0.267,0.0,0,0,1,1,100,10748352,True
YUMMY CATERING SERVICE,"1444 DUPONT ST, Units-12-24-25",Centralized Kitchen,43.66667,-79.44978,54.26,100.0,24.4,64.88,1,-0.225,0.0,0,0,1,1,79,9418820,True
CANADIAN THAI,"3125 STEELES AVE E, Unit-B4",Restaurant,43.81468,-79.34432,54.22,95.0,30.32,41.06,1,0.165,-1.0,0,1,1,1,80,10721497,True
MANOTAS FLAVOURS,"91 FRONT ST E, Unit-B30",Food Store (Convenience/Variety),43.64908,-79.37213,54.15,84.5,25.7,65.14,1,0.1,-1.0,0,1,1,1,75,10365572,True
YOUR CONVENIENCE,2192 GERRARD ST E,Food Store (Convenience/Variety),43.68394,-79.30146,54.05,100.0,23.2,64.64,1,-0.2,0.0,0,0,1,1,70,10252386,True
SUMMER SIPS EAST,909 LAKE SHORE BLVD W,Food Take Out,43.62933,-79.41512,54.04,100.0,26.99,40.4,1,0.151,0.0,0,0,1,1,75,10544603,True
THE HOT STOVE,40 BAY ST,Restaurant,43.64407,-79.37843,54.02,90.43,35.05,42.01,1,0.074,1.0,1,0,1,1,72,9015825,True
MOBILE,4901 SHEPPARD AVE E,Food Store (Convenience/Variety),43.79168,-79.24803,54.02,92.1,24.0,64.8,1,-0.036,0.0,0,0,1,1,100,10769841,True
POPULAR PZZA,2200 MARTIN GROVE RD,Food Take Out,43.75163,-79.59917,54.01,82.88,32.37,41.47,1,0.367,0.0,0,0,1,1,74,10757454,True
CHOCOLATE BY WICKER HEAD,2375 QUEEN ST E,Refreshment Stand (Stationary),43.67238,-79.28776,53.99,94.0,23.2,64.64,1,-0.056,0.0,0,0,1,1,70,10773228,True
NEW YORK NEWS,250 FRONT ST W,Food Store (Convenience/Variety),43.64433,-79.38769,53.94,91.5,24.2,64.84,1,-0.037,0.0,0,0,1,1,86,10441001,True
HARVEY'S,2310 LAWRENCE AVE E,Restaurant,43.74947,-79.27619,53.83,72.5,40.49,43.1,1,0.292,1.0,1,0,1,1,100,9006712,True
CASA PACO,50C CLINTON ST,Restaurant,43.65552,-79.41411,53.81,79.64,38.2,52.64,2,0.0,0.0,0,0,1,1,100,10772860,True
PRINCESS MARGARET NUTRITION SERVICES,"610 UNIVERSITY AVE, Flr-10",Hospitals & Health Facilities,43.65807,-79.39059,53.78,100.0,23.2,64.64,1,-0.227,0.0,0,0,1,1,100,9012525,True
MIMICO ARENA,31 DRUMMOND ST,Refreshment Stand (Stationary),43.6124,-79.49883,53.75,90.5,23.4,64.68,1,0.0,0.0,0,0,1,1,75,9010185,True
NEW YORKER DELI,"1140 BAY ST, Unit-2",Restaurant,43.6685,-79.3893,53.74,100.0,26.61,40.32,1,0.136,0.0,0,0,1,1,100,9010915,True
EMPLOYEE DINING - THE RITZ CARLTON HOTEL,181 WELLINGTON ST W,Cafeteria - Private Access,43.64604,-79.38574,53.7,90.0,23.6,64.72,1,0.0,0.0,0,0,1,1,88,10389749,True
BROWNS LINE DONUTS,744 BROWNS LINE,Restaurant,43.60792,-79.54837,53.61,87.39,31.45,41.29,1,0.25,0.0,0,0,1,1,78,10759257,True
SQUARE BOY,"875 DANFORTH AVE, Unit-1",Restaurant,43.67975,-79.3395,53.57,87.0,38.0,42.6,1,0.0,0.0,0,0,1,1,100,9014396,True
PIZZA PIZZA,606 BROWNS LINE,Restaurant,43.60531,-79.54729,53.52,100.0,26.32,40.27,1,0.125,0.0,0,0,1,1,100,1223056,True
AJI SAI RESTAURANT,783 DANFORTH AVE,Restaurant,43.67935,-79.34166,53.52,100.0,26.32,40.27,1,0.125,0.0,0,0,1,1,83,9000385,True
SOMA CHOCOLATE,32 TANK HOUSE LANE,Food Take Out,43.65066,-79.35827,53.52,100.0,26.32,40.27,1,0.125,0.0,0,0,1,1,78,10238770,True
PHO NGOC YEN II,"1596 THE QUEENSWAY, Bldg------------",Restaurant,43.61738,-79.54253,53.52,100.0,26.32,40.27,1,0.125,0.0,0,0,1,1,100,10788693,True
CANADA PASTA LTD,4400 SHEPPARD AVE E,Food Take Out,43.78789,-79.26988,53.52,100.0,26.32,40.27,1,0.125,0.0,0,0,1,1,90,10690388,True
HIDDEN GEMM VARIETY,1223 BROADVIEW AVE,Food Store (Convenience/Variety),43.69045,-79.35511,53.51,80.9,33.2,66.64,1,-0.167,1.0,1,0,1,1,100,10761864,True
PUR & SIMPLE,"181 NORTH QUEEN ST, Unit-1",Restaurant,43.6166,-79.55507,53.45,100.0,26.44,40.29,1,0.114,0.0,0,0,1,1,75,10716301,True
YOUR GELATO,2009 AVENUE RD,Restaurant,43.73545,-79.41969,53.34,96.5,27.61,40.52,1,0.145,0.0,0,0,1,1,73,10783729,True
TENDERCARE LIVING CENTRE,1020 MCNICOLL AVE,Retirement Homes(Licensed),43.80577,-79.33601,53.33,83.73,24.9,64.98,1,0.068,0.0,0,0,1,1,71,10528136,True
LAWRENCE MART,3731 LAWRENCE AVE E,Food Store (Convenience/Variety),43.76145,-79.21657,53.32,77.4,27.72,65.54,1,0.117,0.0,0,0,1,1,77,10659448,True
FAMOUS CANADA INC,222 SPADINA AVE,Food Take Out,43.65141,-79.39758,53.26,100.0,26.0,40.2,1,0.112,0.0,0,0,1,1,76,10556339,True
SUKHO THAI,1442 DUNDAS ST W,Restaurant,43.64982,-79.43032,53.25,69.0,35.9,42.18,1,0.5,0.0,0,0,1,1,100,10519308,True
'K' STORE,99 CARLTON ST,Food Store (Convenience/Variety),43.66205,-79.37747,53.2,91.6,23.2,64.64,1,-0.075,0.0,0,0,1,1,83,9008018,True
THE CANADIAN STAGE COMPANY,"26 BERKELEY ST, Unit-3",Food Take Out,43.65068,-79.3639,53.19,92.1,28.41,40.68,1,0.208,0.0,0,0,1,1,72,9015618,True
SHAWARMA EMPIRE,1823 LAWRENCE AVE E,Restaurant,43.74323,-79.30351,53.14,98.5,26.32,40.27,1,0.125,0.0,0,0,1,1,100,10202748,True
CORNER PLACE,11 JARVIS ST,Restaurant,43.64982,-79.37152,53.05,88.39,30.32,41.06,1,0.213,0.0,0,0,1,1,82,10335035,True
HAIDA SANDWICH,"15 NORTHTOWN WAY, Unit-21",Food Take Out,43.77522,-79.41335,53.02,70.0,40.25,43.05,1,0.282,1.0,1,0,1,1,86,10374744,True
BELL CANADA,100 BOROUGH DR,Cafeteria - Private Access,43.77314,-79.25965,53.01,90.33,24.4,64.88,1,-0.109,0.0,0,0,1,1,73,9001370,True
THE VELVET UNDERGROUND,508 QUEEN ST W,Cocktail Bar / Beverage Room,43.65707,-79.35868,52.96,91.63,23.2,64.64,1,-0.1,0.0,0,0,1,1,78,10555735,True
MAN YOU DIM SUM,"4675 STEELES AVE E, Unit-1A28",Food Take Out,43.82416,-79.30253,52.94,90.0,28.76,40.75,1,0.222,0.0,0,0,1,1,75,10765047,True
ONE POUND,"1960 YONGE ST, Flr-2",Bake Shop,43.69941,-79.39714,52.89,93.0,24.2,64.84,1,-0.18,0.0,0,0,1,1,75,10797190,True
TORONTO HYDRO CAFETERIA,500 COMMISSIONERS ST,Restaurant,43.65395,-79.33404,52.82,100.0,25.94,40.19,1,0.07,0.0,1,1,1,1,82,9002778,True
AISLE 3,2535 DUNDAS ST W,Restaurant,43.66162,-79.45508,52.69,100.0,27.4,40.48,1,0.0,0.0,0,0,1,1,83,10826856,True
KIM NATURAL FOODS,219 RONCESVALLES AVE,Food Store (Convenience/Variety),43.6458,-79.44872,52.66,83.0,25.4,65.08,1,0.0,0.0,0,0,1,1,70,10328457,True
FOUR STARS CAFE,1485 DUNDAS ST W,Restaurant,43.64956,-79.43153,52.62,88.73,28.76,40.75,1,0.222,0.0,0,0,1,1,77,10359638,True
HOT PORK,932 DUNDAS ST W,Restaurant,43.6509,-79.41339,52.61,100.0,26.9,40.38,1,0.012,0.0,0,0,1,1,100,10802690,True
TRUE TASTE,"384 YONGE ST, Bsmt-50",Food Take Out,43.65931,-79.38256,52.6,93.0,27.38,40.48,1,0.167,0.0,0,0,1,1,70,10840980,True
LITTLE INDIA RESTAURANT,255 QUEEN ST W,Restaurant,43.65031,-79.38896,52.53,100.0,27.0,40.4,1,0.0,0.0,0,0,1,1,87,9008934,True
VILLA PUGLIESE ASSISTED LIVING,50 GOODERHAM DR,Boarding / Lodging Home - Kitchen,43.74757,-79.30409,52.44,68.0,28.76,65.75,1,0.222,0.0,0,0,1,1,75,10788473,True
WAL MART,799 MILNER AVE,Food Store (Convenience/Variety),43.79756,-79.20013,52.41,95.44,23.2,64.64,1,-0.25,0.0,0,0,1,1,75,9387752,True
THE BLACK HORSE,928 BLOOR ST W,Restaurant,43.66171,-79.42739,52.41,83.73,35.54,42.11,1,0.062,1.0,1,0,1,1,75,9015580,True
JOLLY II ITALIAN RISTORANTE LTD.,"2625C WESTON RD, Unit-42",Restaurant,43.71256,-79.53318,52.31,73.64,38.2,42.64,1,0.2,1.0,1,0,1,1,71,9007916,True
DANFORTH BOWL,1554 DANFORTH AVE,Restaurant,43.68335,-79.32443,52.27,100.0,25.05,40.01,1,0.05,0.0,0,0,1,1,77,10580598,True
FRY TOWN,2344 DUFFERIN ST,Food Take Out,43.69507,-79.45027,52.27,100.0,25.05,40.01,1,0.05,0.0,0,0,1,1,75,10821848,True
FAMOUS PEOPLE PLAYERS,343 EVANS AVE,Restaurant,43.61625,-79.52039,52.25,100.0,24.93,39.99,1,0.053,0.0,0,0,1,1,73,10348956,True
MIGHT & MAIN,126 MAIN ST,Restaurant,43.68293,-79.30005,52.25,100.0,24.82,39.97,1,0.057,0.0,0,0,1,1,73,10666763,True
HAPPY VILLAGE,"3330 MIDLAND AVE, Unit-141",Food Take Out,43.80777,-79.28945,52.24,100.0,23.7,39.74,1,0.1,0.0,0,0,1,1,77,10693628,True
CHA TIME,30 WESTON RD,Restaurant,43.67305,-79.46812,52.21,77.0,31.95,41.39,1,0.35,0.0,0,0,1,1,75,10643179,True
FOR THE WIN CAFE,3216 YONGE ST,Restaurant,43.72867,-79.40346,52.19,100.0,24.54,39.91,1,0.062,0.0,0,0,1,1,70,10547943,True
PROVIDENCE HEALTHCARE CENTRE,3276 ST CLAIR AVE E,Institutional Food Services,43.71397,-79.2852,52.17,86.78,23.2,64.64,1,-0.057,0.0,0,0,1,1,78,9020643,True
CLASSIC INDIAN,1763 AVENUE RD,Food Take Out,43.7294,-79.41824,52.15,90.0,28.17,40.63,1,0.167,0.0,0,0,1,1,71,10787005,True
THE GRENADIER CAFE,1873 BLOOR ST W,Restaurant,43.65358,-79.46409,52.06,66.71,40.08,43.02,1,0.275,1.0,1,0,1,1,72,9006493,True
MAPO KOREAN BBQ,708 BLOOR ST W,Restaurant,43.66377,-79.41773,52.02,79.5,31.32,41.26,1,0.293,0.0,0,0,1,1,80,10732020,True
WHAT A JERK,100 PRINCES BLVD,Fairs / Festivals / Special Occasions,43.63501,-79.41119,51.98,83.73,23.2,64.64,1,0.0,0.0,0,0,1,1,73,10791061,True
LIBERTY VILLAGE MARKET & CAFE,"65 JEFFERSON AVE, Unit-101",Restaurant,43.63805,-79.42139,51.9,67.0,41.4,53.28,2,0.0,0.0,0,0,1,2,100,9398183,True
ART OF FOOD,"11 CURITY AVE, Unit -2",Food Caterer,43.70934,-79.31494,51.83,75.0,28.4,65.68,1,0.0,0.0,0,0,1,1,73,10505537,True
SUSHI KAJI,860 THE QUEENSWAY,Restaurant,43.62488,-79.50994,51.75,100.0,25.0,40.0,1,0.0,0.0,0,0,1,1,100,9008031,True
FIELD TO FORKS,"592 QUEEN ST W, Apt-2F",Food Take Out,43.64715,-79.40423,51.75,100.0,25.0,40.0,1,0.0,0.0,0,0,1,1,75,10823616,True
TORONTO COMMUNITY HOUSING CORP,7-11 ARLETA AVE,Food Take Out,43.74294,-79.50096,51.71,100.0,23.84,39.77,1,0.042,0.0,0,0,1,1,100,9401546,True
JUST WALK OUT,40 BAY ST,Food Take Out,43.64407,-79.37843,51.69,90.43,27.44,40.49,1,0.138,0.0,0,0,1,1,70,9012260,True
JUST SOUPS,"1143 MORNINGSIDE AVE, Unit-2",Food Take Out,43.80119,-79.19911,51.65,91.6,26.62,40.32,1,0.137,0.0,0,0,1,1,70,10446020,True
ED'S REAL SCOOP,2224 QUEEN ST E,Restaurant,43.67278,-79.28803,51.63,100.0,23.93,39.79,1,0.029,0.0,0,0,1,1,100,9029100,True
WALKERS COFFEE & SNACKS,456 OSSINGTON AVE,Food Take Out,43.65466,-79.42297,51.59,100.0,24.6,39.92,1,0.0,0.0,0,0,1,1,82,10804641,True
SOY BOYS,471 CHURCH ST,Restaurant,43.66448,-79.38008,51.59,84.5,34.16,41.83,1,0.014,1.0,1,0,1,1,100,10757199,True
THE AVENUE DINER,222 DAVENPORT RD,Restaurant,43.67503,-79.39689,51.55,100.0,23.84,39.77,1,0.025,0.0,0,0,1,1,71,9000891,True
TEA FOR U,1465 DUNDAS ST W,Restaurant,43.64944,-79.43078,51.53,100.0,25.4,40.08,1,-0.038,0.0,0,0,1,1,75,10759805,True
SENIOR'S HEALTH CENTRE,"2 BUCHAN CRT, Flr-1-4",Institutional Food Services,43.77307,-79.35945,51.5,70.5,26.78,65.36,1,0.143,0.0,0,0,1,1,75,9013789,True
TASTY SHAWARMA,2993 SHEPPARD AVE E,Restaurant,43.77598,-79.3182,51.47,93.47,25.9,40.18,1,0.1,0.0,0,0,1,1,79,10306882,True
THE JASON GEORGE,100 FRONT ST E,Restaurant,43.64959,-79.37093,51.45,65.0,47.1,54.42,2,-0.217,-0.5,0,1,2,2,70,9007702,True
HIGH STREET FISH & CHIPS,55 UNDERHILL DR,Restaurant,43.74547,-79.3256,51.38,87.14,28.2,40.64,1,0.16,0.0,0,0,1,1,100,10227087,True
ABOUT YOU CAKE STUDIO,"3272 MIDLAND AVE, Unit-B110",Food Take Out,43.80493,-79.29029,51.37,96.0,26.6,40.32,1,0.0,0.0,0,0,1,1,73,10811845,True
MIZZICA GELATERIA & CAFE,307 QUEEN ST W,Restaurant,43.64985,-79.39108,51.36,100.0,24.0,39.8,1,0.0,0.0,0,0,1,1,93,10766489,True
CHOICE 88,"4211 SHEPPARD AVE E, Unit-11",Food Store (Convenience/Variety),43.78496,-79.27796,51.36,100.0,24.0,64.8,1,-0.5,0.0,0,0,1,1,80,10323736,True
SORN THAI RESTAURANT,2550 YONGE ST,Restaurant,43.71334,-79.40004,51.29,83.31,34.16,41.83,1,0.014,1.0,1,0,1,1,89,9013210,True
JUICY +,"1143 MORNINGSIDE AVE, Unit-1",Food Take Out,43.80119,-79.19911,51.28,100.0,23.8,39.76,1,0.0,0.0,0,0,1,1,100,10843970,True
SIMPLY KITCHEN,"26 LEE CENTRE DR, Unit-25",Food Take Out,43.78101,-79.24741,51.21,100.0,23.6,39.72,1,0.0,0.0,0,0,1,1,72,10742847,True
PIONEER GAS STATION,3279 KINGSTON RD,Food Store (Convenience/Variety),43.73138,-79.22471,51.17,83.13,23.2,64.64,1,-0.066,0.0,0,0,1,1,80,10770789,True
WAKAME SUSHI,638 SHEPPARD AVE W,Restaurant,43.75534,-79.44086,51.15,68.5,33.4,41.68,1,0.4,0.0,0,0,1,1,100,10380313,True
FAMIGLIA BALDASSARRE,"116 GEARY AVE, UNIT-108A",Food Take Out,43.67053,-79.43483,51.13,100.0,23.4,39.68,1,0.0,0.0,0,0,1,1,87,10624071,True
DUNDAS STREET GRILLE,5238 DUNDAS ST W,Restaurant,43.63891,-79.53831,51.13,100.0,23.4,39.68,1,0.0,0.0,0,0,1,1,77,9015694,True
STEELES WEST CONVENIENCE,"2071 STEELES AVE W, Unit-H4",Food Store (Convenience/Variety),43.78621,-79.47346,51.1,80.97,24.0,64.8,1,-0.05,0.0,0,0,1,1,75,10671650,True
KING TAPS,100 KING ST W,Restaurant,43.64873,-79.38376,51.05,100.0,23.2,39.64,1,0.0,0.0,0,0,1,1,100,10597608,True
LAO FOOD CO,"1927 DAVENPORT RD, Lot-0",Food Take Out,43.67011,-79.45603,51.05,100.0,23.2,39.64,1,0.0,0.0,0,0,1,1,100,10791353,True
WHAT A SHAWARMA,664 BLOOR ST W,Restaurant,43.66412,-79.41618,51.05,100.0,23.2,39.64,1,0.0,0.0,0,0,1,1,88,10811622,True
GLOBAL FISH,"601 MAGNETIC DR, Unit-27",Food Take Out,43.78416,-79.47465,51.05,100.0,23.2,39.64,1,0.0,0.0,0,0,1,1,73,10253253,True
THE FISH AND SANDWICH,657 COLLEGE ST,Food Take Out,43.65503,-79.4162,51.05,100.0,23.2,39.64,1,0.0,0.0,0,0,1,1,70,10215785,True
JOHN'S FISH & CHIPS,5090 DUNDAS ST W,Restaurant,43.64508,-79.53254,51.05,100.0,23.2,39.64,1,0.0,0.0,0,0,1,1,74,9007897,True
HARRY'S DRIVE IN,2280 LAWRENCE AVE E,Food Take Out,43.74938,-79.27727,51.05,100.0,23.2,39.64,1,0.0,0.0,0,0,1,1,78,10382524,True
THE LATERNA RESTAURANT,6301 YONGE ST,Restaurant,43.79568,-79.41911,51.05,100.0,23.2,39.64,1,0.0,0.0,0,0,1,1,71,9015853,True
OUT OF THIS WORLD CAFE,1001 QUEEN ST W,Food Take Out,43.64479,-79.41893,51.05,100.0,23.2,39.64,1,0.0,0.0,0,0,1,1,82,9031774,True
SOOPER INDIAN TAKE OUT,"20 LOCKPORT AVE, Bldg-8",Food Take Out,43.62872,-79.54081,51.04,100.0,23.2,39.64,1,-0.001,0.0,0,0,1,1,71,10780595,True
SOCIAL ART CAFE,"334 DUNDAS ST W, Unit-334",Restaurant,43.6541,-79.39246,51.01,100.0,23.2,39.64,1,-0.004,0.0,0,0,1,1,75,10776139,True
CHAI CULTURE,"1445 GERRARD ST E, Bldg--",Food Take Out,43.67217,-79.32154,51.01,100.0,23.2,39.64,1,-0.004,0.0,0,0,1,1,74,10838325,True
THE HAVEN CAFE,2256 QUEEN ST E,Restaurant,43.6731,-79.28655,50.97,100.0,23.0,39.6,1,0.0,0.0,0,0,1,1,71,10813296,True
THINK IT,196 BORDEN ST,Food Take Out,43.66192,-79.40725,50.97,89.5,26.52,40.3,1,0.125,0.0,0,0,1,1,77,10630877,True
THIS OR THAT,5317 YONGE ST,Food Take Out,43.77348,-79.41367,50.95,83.5,28.4,40.68,1,0.2,0.0,0,0,1,1,81,10823298,True
PAPA SPICY,339 SPADINA AVE,Restaurant,43.65497,-79.39874,50.95,87.87,27.52,40.51,1,0.125,0.0,0,0,1,1,70,10584924,True
GOOGLE KITCHEN,"111 RICHMOND ST W, Flr-14",Cafeteria - Private Access,43.65269,-79.37359,50.82,80.0,23.2,64.64,1,-0.023,-1.0,0,1,1,1,75,10744000,True
THIRD PLACE,875 BLOOR ST W,Restaurant,43.66201,-79.42503,50.75,98.5,23.4,39.68,1,0.0,0.0,0,0,1,1,82,10764996,True
CASH ONLY,1516 DUNDAS ST W,Restaurant,43.64982,-79.43261,50.71,100.0,23.2,39.64,1,-0.033,0.0,0,0,1,1,78,10771158,True
MSSM YORKVILLE,"154 CUMBERLAND ST, Flr-2",Restaurant,43.67006,-79.39328,50.7,98.0,23.6,39.72,1,0.0,0.0,0,0,1,1,78,10788914,True
GET WELL,1181 DUNDAS ST W,Restaurant,43.64916,-79.42198,50.68,89.0,26.11,40.22,1,0.124,0.0,0,0,1,1,100,10511497,True
ELECTIC BILL,866 BLOOR ST W,Restaurant,43.6622,-79.42468,50.61,95.44,25.0,40.0,1,0.0,0.0,0,0,1,1,75,10800100,True
ANDREA'S COOKIES,"1632 BLOOR ST W, Unit-G",Food Take Out,43.65577,-79.45631,50.59,98.5,23.0,39.6,1,0.0,0.0,0,0,1,1,97,10759059,True
PRIME SEAFOOD PALACE,944 QUEEN ST W,Restaurant,43.64488,-79.41673,50.58,100.0,22.0,39.4,1,0.0,0.0,0,0,1,1,100,10753157,True
MANDARIN,"2200 YONGE ST, Unit-18",Restaurant,43.70604,-79.39855,50.52,73.5,31.32,41.26,1,0.293,0.0,0,0,1,1,100,9009514,True
TWO HEADED DOG,1469 GERRARD ST E,Restaurant,43.67236,-79.32078,50.52,100.0,25.0,40.0,1,-0.123,-1.0,0,1,1,1,75,10554495,True
DONUT COUNTER AND FAMOUS YOGURT,3337 BAYVIEW AVE,Restaurant,43.79161,-79.39302,50.5,100.0,21.8,39.36,1,0.0,0.0,0,0,1,1,75,9004519,True
UNCLE TETSU'S JAPANESE CHEESECAKE,65 FRONT ST W,Restaurant,43.64528,-79.38049,50.45,92.62,26.4,40.28,1,0.0,0.0,0,0,1,1,70,10570350,True
PAGE ONE,106 MUTUAL ST,Restaurant,43.65726,-79.37609,50.43,93.56,24.45,39.89,1,0.05,0.0,0,0,1,1,75,10555695,True
HAMDI RESTAURANT,18 REXDALE BLVD,Restaurant,43.7144,-79.5572,50.34,98.5,23.2,39.64,1,-0.033,0.0,0,0,1,1,81,9060817,True
PARALLEL,217 GEARY AVE,Restaurant,43.66942,-79.43857,50.3,100.0,23.2,39.64,1,-0.075,0.0,0,0,1,1,100,10619884,True
KILT PUB,"371 OLD KINGSTON RD, Unit-9",Restaurant,43.78325,-79.16975,50.3,100.0,26.4,40.28,1,-0.2,0.0,0,0,1,1,75,9054043,True
COOL HAND OF A GIRL,2804 DUNDAS ST W,Restaurant,43.66549,-79.46288,50.29,69.0,32.15,41.43,1,0.35,0.0,0,0,1,1,100,10510283,True
SHAKE SHACK,"10 DUNDAS ST E, Unit-100",Restaurant,43.65669,-79.38069,50.27,100.0,21.2,39.24,1,0.0,0.0,0,0,1,1,100,10812765,True
MONTREAL SMOKED MEAT,900 QUEEN ST E,Food Take Out,43.66061,-79.34291,50.27,93.0,24.54,39.91,1,0.045,0.0,0,0,1,1,70,10797263,True
BRITISH STYLE FISH & CHIPS,"73 COXWELL AVE, Unit-1",Restaurant,43.66862,-79.31727,50.25,89.29,25.57,40.12,1,0.095,0.0,0,0,1,1,84,10278687,True
HEM SOCIAL,1424 DUNDAS ST W,Restaurant,43.64968,-79.42952,50.18,95.0,23.69,39.74,1,0.019,0.0,0,0,1,1,80,10787259,True
HOI CHOI,"69 LEBOVIC AVE, Unit-106",Restaurant,43.72322,-79.28826,50.12,96.0,23.4,39.68,1,0.0,0.0,0,0,1,1,100,10807825,True
A AND W,2692 EGLINTON AVE E,Food Take Out,43.73679,-79.24866,50.1,98.5,23.2,39.64,1,-0.057,0.0,0,0,1,1,71,10659813,True
HALIBUT HOUSE,3003 DANFORTH AVE,Restaurant,43.69064,-79.2887,50.09,96.5,23.0,39.6,1,0.0,0.0,0,0,1,1,100,10580998,True
COFFEE CULTURE,2060 ELLESMERE RD,Restaurant,43.77639,-79.2343,50.08,100.0,23.4,39.68,1,-0.105,0.0,0,0,1,1,78,10354265,True
MATTACHIONI,1617 DUPONT ST,Restaurant,43.66496,-79.45495,50.06,100.0,23.8,39.76,1,-0.122,0.0,0,0,1,1,100,10556640,True
ENJOY TEA,"5 NORTHTOWN WAY, Unit-15",Food Take Out,43.77512,-79.41383,50.05,100.0,23.2,39.64,1,-0.1,0.0,0,0,1,1,89,10829815,True
STAR SUSHI,230 WELLINGTON ST W,Restaurant,43.64528,-79.38985,50.05,77.75,32.31,41.46,1,0.101,0.0,0,0,1,1,70,10717573,True
TOWN CRIER HALF WAY BEER HOUSE,113 JOHN ST,Restaurant,43.6481,-79.39014,49.96,82.78,27.17,40.43,1,0.167,0.0,0,0,1,1,100,10405319,True
JUICE BOX,491 CHURCH ST,Food Take Out,43.66527,-79.38037,49.94,95.56,23.2,39.64,1,0.0,0.0,0,0,1,1,75,9420380,True
ROTI ROTI,979 ALBION RD,Restaurant,43.73623,-79.5637,49.89,85.5,26.32,40.27,1,0.125,0.0,0,0,1,1,100,9023248,True
MATT TALBOT HOUSE I,234 CARLTON ST,Boarding / Lodging Home - Kitchen,43.66432,-79.36892,49.89,75.67,23.0,64.6,1,0.0,0.0,0,0,1,1,77,9009750,True
BAD EGG AND JUICE TO GO,2214 QUEEN ST E,Restaurant,43.67261,-79.28856,49.85,100.0,23.8,39.76,1,-0.143,-1.0,0,1,1,1,72,10828785,True
THE FLAVOUR SPOT CAFE,"1200 MARKHAM RD, Bldg-110",Restaurant,43.77662,-79.23212,49.8,100.0,23.2,39.64,1,-0.125,0.0,0,0,1,1,74,10795717,True
ROSES NEW YORK,6313 YONGE ST,Restaurant,43.79555,-79.42008,49.77,79.12,29.81,40.96,1,0.136,0.0,0,0,1,1,80,9408152,True
EURO SHAWARMA,2706 KEELE ST,Restaurant,43.72585,-79.48244,49.75,83.09,27.72,40.54,1,0.117,0.0,0,0,1,1,77,10457229,True
WORKING DOG SALOON,3676 ST CLAIR AVE E,Restaurant,43.71943,-79.24987,49.44,92.75,23.46,39.69,1,0.01,-1.0,0,1,1,1,100,10505747,True
BETTER BAR,"87 AVENUE RD, Flr-Upper Level",Restaurant,43.67203,-79.39519,49.34,84.0,26.5,40.3,1,0.1,0.0,0,0,1,1,75,10830664,True
TORONTO EVENT CENTRE,15 SASKATCHEWAN RD,Restaurant,43.63271,-79.42399,49.32,100.0,38.0,42.6,1,-0.75,0.0,0,0,1,1,76,10224359,True
GOJIMA JAPANESE RESTAURANT,3345 BLOOR ST W,Restaurant,43.64484,-79.52168,49.27,83.0,26.32,40.27,1,0.125,0.0,0,0,1,1,71,9006179,True
DESSERT AFTER MEAL,"2900 MARKHAM RD, Unit-H7",Food Take Out,43.82409,-79.24881,49.22,75.0,30.32,41.06,1,0.165,-1.0,0,1,1,1,70,10797557,True
PIZZA HUT,"1386 BAYVIEW AVE, Unit-2",Food Take Out,43.70063,-79.37354,49.12,92.0,23.4,39.68,1,0.0,0.0,0,0,1,1,78,9400901,True
DRAGON PEARL BUFFET,"865 YORK MILLS RD, Unit-2",Restaurant,43.75431,-79.34959,49.03,65.72,34.23,41.84,1,0.225,0.0,0,0,1,1,100,10371707,True
BUA THAI,743 THE QUEENSWAY,Restaurant,43.62616,-79.5033,48.97,74.0,34.16,41.83,1,0.014,1.0,1,0,1,1,75,10415340,True
ROLLIN PLUS,"3278 MIDLAND AVE, Unit-D107",Restaurant,43.80531,-79.28862,48.95,91.0,23.6,39.72,1,0.0,0.0,0,0,1,1,73,10827478,True
GOT BAP,4895 YONGE ST,Restaurant,43.76378,-79.41122,48.82,74.56,33.8,41.76,1,0.0,0.0,0,0,1,1,71,10810389,True
THE MARKLAND,666 BURNHAMTHORPE RD,Restaurant,43.64168,-79.57669,48.77,89.5,23.54,39.71,1,0.021,0.0,0,0,1,1,75,9015881,True
LITTLE SISTER,2031 YONGE ST,Restaurant,43.7016,-79.39702,48.69,94.5,23.8,39.76,1,-0.122,0.0,0,0,1,1,100,10500170,True
THE CITY POOL,1307 DUNDAS ST W,Restaurant,43.64937,-79.42594,48.63,90.06,23.8,39.76,1,-0.017,0.0,0,0,1,1,75,10600385,True
AKIRA BACK,80 BLUE JAYS WAY,Restaurant,43.64603,-79.3923,48.62,90.0,23.8,39.76,1,-0.016,0.0,0,0,1,1,70,10615909,True
HAIR OF THE DOG,425 CHURCH ST,Restaurant,43.66298,-79.3796,48.57,72.0,32.36,41.47,1,0.094,1.0,1,0,1,1,71,9006584,True
OUT TAKES,22 LEBOVIC AVE,Food Take Out,43.72224,-79.29211,48.57,92.37,23.2,39.64,1,-0.057,0.0,0,0,1,1,78,9024189,True
EAST TEA CAN,"486 FRONT ST W, Unit-WM46-60",Food Take Out,43.64211,-79.39711,48.51,77.64,27.07,40.41,1,0.155,0.0,0,0,1,1,78,10811403,True
HOUSE ON PARLIAMENT,454 PARLIAMENT ST,Restaurant,43.66364,-79.36794,48.44,81.12,28.6,40.72,1,0.0,0.0,0,0,1,1,71,10390479,True
GEORGE THE GREEK,3575 LAKE SHORE BLVD W,Restaurant,43.59415,-79.53405,48.42,89.5,23.2,39.64,1,0.0,0.0,0,0,1,1,86,9032401,True
MEZES,456 DANFORTH AVE,Restaurant,43.67813,-79.3503,48.39,79.5,26.32,40.27,1,0.125,0.0,0,0,1,1,100,9010067,True
YAKUMO DON,23 BALDWIN ST,Restaurant,43.65601,-79.39307,48.37,78.0,26.78,40.36,1,0.143,0.0,0,0,1,1,86,10843828,True
CAFE MONDIALE,1947 SHEPPARD AVE W,Restaurant,43.73924,-79.51133,48.36,88.0,24.0,39.8,1,0.0,0.0,0,0,1,1,75,9002203,True
PHO NOW,2561 ST CLAIR AVE W,Restaurant,43.66739,-79.48738,48.17,79.25,26.13,40.23,1,0.117,0.0,0,0,1,1,71,10647002,True
FAMILY FOOD MARKET,93 FRONT ST E,Food Store (Convenience/Variety),43.64905,-79.37177,48.14,68.07,23.4,64.68,1,0.0,0.0,0,0,1,1,73,9005270,True
SIMPL THINGS,269 DUNN AVE,Restaurant,43.64082,-79.4343,48.05,100.0,23.2,39.64,1,-0.3,0.0,0,0,1,1,75,10764476,True
WHITE LILY DINER,678 QUEEN ST E,Restaurant,43.65882,-79.3512,47.98,91.67,23.8,39.76,1,-0.122,0.0,0,0,1,1,77,10578198,True
GALE'S SNACK BAR,539 EASTERN AVE,Restaurant,43.65817,-79.33902,47.83,87.14,23.2,39.64,1,0.0,0.0,0,0,1,1,100,9005876,True
BEERTOWN PUBLIC HOUSE,40 UNIVERSITY AVE,Restaurant,43.64637,-79.38411,47.78,69.25,34.16,41.83,1,0.014,1.0,1,0,1,1,100,10727143,True
PHO TORONTO,"1448 LAWRENCE AVE E, Unit-10",Restaurant,43.74181,-79.31311,47.68,66.25,38.0,42.6,1,-0.07,0.0,0,0,1,1,82,10657710,True
GOOD LUCK CHINESE RESTAURANT,2432 EGLINTON AVE E,Restaurant,43.73365,-79.26626,47.67,71.5,27.95,40.59,1,0.19,0.0,0,0,1,1,72,9006289,True
HOLY CHUCK,1450 YONGE ST,Food Take Out,43.68754,-79.3941,47.62,70.5,28.2,40.64,1,0.2,0.0,0,0,1,1,80,10412660,True
ALOBAR,162 CUMBERLAND ST,Restaurant,43.67014,-79.39369,47.61,85.0,24.0,39.8,1,0.0,0.0,0,0,1,1,100,10646162,True
SUSHI ON GERRARD,1289 GERRARD ST E,Restaurant,43.67069,-79.32807,47.44,81.28,24.56,39.91,1,0.054,0.0,0,0,1,1,73,10758593,True
EMMA'S COUNTRY KITCHEN,810 ST CLAIR AVE W,Restaurant,43.68104,-79.4304,47.41,85.14,23.4,39.68,1,0.0,0.0,0,0,1,1,100,10575127,True
S MARKET,1269 COLLEGE ST,Food Store (Convenience/Variety),43.65097,-79.44001,47.34,84.88,23.4,64.68,1,-0.5,0.0,0,0,1,1,88,10340445,True
SUSHI ONE,4924 YONGE ST,Restaurant,43.76442,-79.41207,47.27,75.0,26.32,40.27,1,0.125,0.0,0,0,1,1,71,10410068,True
MAK EUROPEAN DELICATESSENS,"1335 LAWRENCE AVE E, Unit-2",Food Take Out,43.74063,-79.32051,47.27,65.0,34.76,41.95,1,0.046,1.0,1,0,1,1,81,9049711,True
DREYFUS,96 HARBORD ST,Restaurant,43.66284,-79.40319,47.21,84.66,23.2,39.64,1,0.0,0.0,0,0,1,1,100,10672936,True
SLOPPY JOE'S,3527 LAKE SHORE BLVD W,Restaurant,43.59457,-79.53208,47.19,100.0,24.0,39.8,1,-0.417,0.0,0,0,1,1,100,9014180,True
PITA AND PEROGY ON BLOOR,1566 BLOOR ST W,Restaurant,43.65635,-79.45377,47.17,79.5,26.4,40.28,1,0.0,0.0,0,0,1,1,82,10814710,True
SWISS CHALET ROTISSERIE & GRILL,"590 KEELE ST, Unit-1",Restaurant,43.67113,-79.46756,47.06,86.66,23.2,39.64,1,-0.066,0.0,0,0,1,1,75,9032476,True
GOOD COMPANY,498 QUEEN ST W,Restaurant,43.64803,-79.40123,47.02,84.5,23.4,39.68,1,-0.023,0.0,0,0,1,1,75,10798071,True
IMAGINE CINEMAS,74 FRONT ST E,Food Take Out,43.64898,-79.37326,46.97,100.0,23.0,39.6,1,-0.4,0.0,0,0,1,1,78,10675066,True
MC NIES THE FISH AND CHIP PEOPLE,315 BURNHAMTHORPE RD,Restaurant,43.64896,-79.54931,46.9,85.66,23.2,39.64,1,-0.056,0.0,0,0,1,1,71,10228520,True
GOOD BITE RESTAURANT,2463 YONGE ST,Restaurant,43.71148,-79.39908,46.81,68.69,27.74,40.55,1,0.182,-1.0,0,1,1,1,75,10261501,True
BURGER SHACK,233 EGLINTON AVE W,Restaurant,43.70481,-79.4057,46.8,73.64,29.2,40.84,1,0.0,0.0,0,0,1,1,100,10528274,True
THE INDIAN THING,"638 QUEEN ST W, Unit-638",Restaurant,43.64694,-79.40603,46.8,77.7,25.39,40.08,1,0.048,0.0,0,0,1,1,71,10809202,True
SECTOR 17,"268 DUNDAS ST E, Flr-1",Restaurant,43.65843,-79.37234,46.79,82.66,23.4,39.68,1,0.0,0.0,0,0,1,1,80,10774620,True
BEACH HILL SMOKEHOUSE,172 MAIN ST,Restaurant,43.6841,-79.30055,46.75,74.36,28.6,40.72,1,0.0,0.0,0,0,1,1,100,10619553,True
THE MONKEY BAR & GRILL,3353 YONGE ST,Restaurant,43.7315,-79.4035,46.75,65.22,28.77,40.75,1,0.223,0.0,0,0,1,1,89,9015891,True
TORONTO ISLAND MARINA SNACK BAR,1 CENTRE ISLAND PK,Restaurant,43.61522,-79.37728,46.65,88.75,23.4,39.68,1,-0.167,0.0,0,0,1,1,80,9016566,True
TASTE AND SEE,"2007 FINCH AVE W, Bldg-0",Food Take Out,43.75661,-79.51934,46.58,81.0,23.56,39.71,1,0.014,0.0,0,0,1,1,78,10700217,True
ONTARIO FARM,8 WESTMORE DR,Flea Market,43.74227,-79.60457,46.57,74.1,23.2,64.64,1,-0.3,0.0,0,0,1,1,75,10568480,True
COFFEE HERE,"3430 FINCH AVE E, Unit-1b",Restaurant,43.79733,-79.31455,46.52,74.4,28.0,40.6,1,0.0,0.0,0,0,1,1,70,10432878,True
PLANTA,1221 BAY ST,Restaurant,43.67029,-79.3895,46.51,75.0,27.6,40.52,1,0.0,0.0,0,0,1,1,100,10578663,True
CALIFORNIA PUB AND GRILL,914 PAPE AVE,Restaurant,43.68586,-79.34777,46.41,83.5,23.2,39.64,1,-0.051,0.0,1,1,1,1,88,10258115,True
PARIS PARIS,146 OSSINGTON AVE,Restaurant,43.64745,-79.42032,46.3,81.0,23.2,39.64,1,0.0,0.0,0,0,1,1,100,10735319,True
HAMMAM SPA BY CELA,602 KING ST W,Food Take Out,43.64465,-79.40038,46.25,78.0,25.0,40.0,1,0.0,0.0,0,0,1,1,77,10816349,True
GYUKATSU KYOTO KATSUGYU,134 DUNDAS ST E,Restaurant,43.65688,-79.37621,46.24,79.5,24.0,39.8,1,0.0,0.0,0,0,1,1,100,10692428,True
TIAN WEI JU HEALTHY FOOD,2551 PHARMACY AVE,Restaurant,43.79309,-79.32478,46.22,77.73,24.14,39.83,1,0.038,0.0,0,0,1,1,77,10585140,True
UENO MARKET,366 ADELAIDE ST E,Food Take Out,43.65216,-79.36858,46.19,80.25,23.4,39.68,1,0.0,0.0,0,0,1,1,90,10416044,True
SOUTHERN AROMA ON THE GO,"10 MELFORD DR, Unit-17A",Food Take Out,43.80651,-79.23446,46.13,87.0,23.2,39.64,1,-0.167,0.0,0,0,1,1,73,10818353,True
7 WEST CAFE,7 CHARLES ST W,Restaurant,43.6685,-79.38669,46.06,75.75,24.56,39.91,1,0.054,0.0,0,0,1,1,73,9000144,True
NORTH TORONTO MEMORIAL ARENA,"174 ORCHARD VIEW BLVD, Unit-1",Food Take Out,43.70712,-79.40429,45.97,80.5,24.6,39.92,1,-0.075,0.0,0,0,1,1,76,9011063,True
PRIMROSE BAGEL COMPANY,317 OAKWOOD AVE,Restaurant,43.68544,-79.43779,45.82,86.0,38.0,42.6,1,-0.75,0.0,0,0,1,1,100,10697749,True
THAI COUNTRY KITCHEN,412 SPADINA AVE,Restaurant,43.6562,-79.39945,45.75,78.5,23.4,39.68,1,0.0,0.0,0,0,1,1,86,10322637,True
ROIS CREAM,382 KEELE ST,Restaurant,43.66564,-79.46483,45.66,76.56,24.4,39.88,1,0.0,0.0,0,0,1,1,70,10749187,True
FLATIRON AND FIRKIN,49 WELLINGTON ST E,Restaurant,43.64861,-79.37391,45.58,75.0,25.2,40.04,1,0.0,0.0,0,0,1,1,77,9004604,True
ASIAN FUSION,"3850 SHEPPARD AVE E, Unit-225",Restaurant,43.78394,-79.29225,45.54,77.97,23.2,39.64,1,0.0,0.0,0,0,1,1,100,10357814,True
SOUV LIKE,708 PAPE AVE,Food Take Out,43.67949,-79.34536,45.52,71.0,25.48,40.1,1,0.083,0.0,0,0,1,1,80,10509089,True
WINGS TIME,"2675 EGLINTON AVE W, Bldg-0",Restaurant,43.68968,-79.47659,45.48,76.5,23.69,39.74,1,0.011,-1.0,0,1,1,1,70,10699525,True
SCARBOROUGH BUFFET/ MR.WONG'S,"91 RYLANDER BLVD, Unit-1016B",Restaurant,43.79776,-79.1526,45.47,77.38,23.4,39.68,1,0.0,0.0,0,0,1,1,89,10748508,True
SOUTH TEA,"3300 MIDLAND AVE, Unit-34",Restaurant,43.8067,-79.28882,45.38,84.0,23.2,39.64,1,-0.167,0.0,0,0,1,1,78,10786447,True
BIRYANIS AND MORE,2579 VICTORIA PARK AVE,Restaurant,43.77425,-79.32244,45.28,72.0,24.76,39.95,1,0.062,0.0,0,0,1,1,78,10799849,True
THE KEATING CHANNEL,2 VILLIERS ST,Restaurant,43.64764,-79.35341,45.14,87.0,22.8,39.56,1,-0.25,0.0,0,0,1,1,80,9385501,True
TENDER SHAWARMA,3893 KEELE ST,Food Take Out,43.76095,-79.48967,45.13,77.0,23.2,39.64,1,-0.017,0.0,0,0,1,1,80,10510213,True
CHARCOAL KEBAB HOUSE,3256 LAWRENCE AVE E,Restaurant,43.75731,-79.2386,45.11,75.0,24.0,39.8,1,0.0,0.0,0,0,1,1,100,10446905,True
ROY WOODS,"598 BAY ST, Bldg-1",Food Take Out,43.65601,-79.38384,45.05,100.0,23.2,39.64,1,-0.6,0.0,0,0,1,1,100,10829456,True
FISHMAN LOBSTER CLUBHOUSE,4020 FINCH AVE E,Restaurant,43.80181,-79.2953,45.0,75.5,23.4,39.68,1,0.0,0.0,0,0,1,1,100,10623483,True
"TARTS, TREATS AND COFFEE",570 WILSON AVE,Food Take Out,43.73411,-79.45124,44.96,91.63,23.2,39.64,1,-0.4,0.0,0,0,1,1,75,9015347,True
OAKWOOD CAFE,359 OAKWOOD AVE,Restaurant,43.68717,-79.43838,44.94,82.46,38.0,42.6,1,-0.75,0.0,0,0,1,1,75,10198926,True
BLACK & BLUE,130 KING ST W,Restaurant,43.64805,-79.38345,44.93,82.25,23.8,39.76,1,-0.192,0.0,0,0,1,1,82,10777054,True
RITZ RESTAURANT,310 DONLANDS AVE,Restaurant,43.69188,-79.34223,44.88,79.34,23.2,39.64,1,-0.1,0.0,0,0,1,1,93,9054940,True
BIG MAO,5519 YONGE ST,Restaurant,43.77838,-79.41481,44.74,77.33,23.6,39.72,1,-0.079,-1.0,0,1,1,1,86,10776773,True
WANAS SHAWARMA,449 DANFORTH AVE,Restaurant,43.6776,-79.35044,44.64,73.75,23.6,39.72,1,0.0,0.0,0,0,1,1,100,10804533,True
PHO TIEN THANH,57 OSSINGTON AVE,Restaurant,43.6455,-79.41923,44.42,72.88,23.6,39.72,1,0.0,0.0,0,0,1,1,100,9011956,True
MIA BRUNCH BAR,2140 YONGE ST,Restaurant,43.7036,-79.398,44.41,87.14,23.4,39.68,1,-0.35,0.0,0,0,1,1,71,10695676,True
EAT YET,409 SPADINA AVE,Restaurant,43.65685,-79.39949,44.22,72.69,23.2,39.64,1,0.0,0.0,0,0,1,1,71,10761705,True
MEAN BAO,333 BAY ST,Food Take Out,43.65028,-79.38078,44.21,75.14,24.4,39.88,1,-0.109,0.0,0,0,1,1,80,10652094,True
BIG G 2 4 1 JERK CHICKEN,2200 MARTIN GROVE RD,Food Take Out,43.75163,-79.59917,43.8,95.0,23.2,39.64,1,-0.6,0.0,0,0,1,1,100,10240189,True
THE ARTFUL DODGER,10-12 ISABELLA ST,Restaurant,43.66786,-79.38522,43.78,68.91,23.84,39.77,1,0.025,0.0,0,0,1,1,78,9015507,True
STOUT IRISH PUB,221 CARLTON ST,Restaurant,43.66403,-79.36912,43.67,70.5,23.2,39.64,1,0.0,0.0,0,0,1,1,83,10389605,True
THE BAGEL HOUSE,1548 BAYVIEW AVE,Restaurant,43.70483,-79.375,43.55,68.75,24.0,39.8,1,0.0,0.0,0,0,1,1,71,9000990,True
BAGEL WORLD,336 WILSON AVE,Restaurant,43.73692,-79.43772,43.48,67.25,24.8,39.96,1,0.0,0.0,0,0,1,1,100,10275385,True
THE FRY,6012 YONGE ST,Restaurant,43.78892,-79.41816,43.3,69.0,23.2,39.64,1,0.0,0.0,0,0,1,1,86,10411118,True
UNION,72 OSSINGTON AVE,Restaurant,43.64582,-79.41953,43.02,91.9,23.2,39.64,1,-0.6,0.0,0,0,1,1,100,10345392,True
MALTA BAKE SHOP,3256 DUNDAS ST W,Restaurant,43.66573,-79.47861,42.81,71.0,23.8,39.76,1,-0.122,0.0,0,0,1,1,100,9009456,True
MULLINS IRISH PUB,"1033 BAY ST, Unit-2",Restaurant,43.66616,-79.38741,42.52,65.91,23.2,39.64,1,0.0,0.0,0,0,1,1,100,9003209,True
JUICY DUMPLING,280 SPADINA AVE,Food Take Out,43.65261,-79.39803,42.48,65.72,23.2,39.64,1,0.0,0.0,0,0,1,1,100,10661271,True
ALWAYS FRESH RESTAURANT,620 VAUGHAN RD,Restaurant,43.69206,-79.44026,41.41,65.0,22.2,39.44,1,-0.05,0.0,0,0,1,1,73,10545535,True
KNOCKOUT CHICKEN,207 AUGUSTA AVE,Restaurant,43.65401,-79.40169,39.92,79.5,23.2,39.64,1,-0.6,0.0,0,0,1,1,100,10696654,True
LALITAS PLACE,"15 LAPSLEY RD, Unit-15",Restaurant,43.79553,-79.22663,33.84,70.86,23.4,39.68,1,-1.0,-1.0,0,1,1,1,84,10656478,True
